Date,DVAPRC_Historical,DFSARC_Historical,DGOERC_Historical,DPCERC_Historical,DRCARC_Historical,DTRSRC_Historical,DVAPRC_Forecast_2008-Mar,DFSARC_Forecast_2008-Mar,DGOERC_Forecast_2008-Mar,DPCERC_Forecast_2008-Mar,DRCARC_Forecast_2008-Mar,DTRSRC_Forecast_2008-Mar,DVAPRC_Forecast_2011-Feb,DFSARC_Forecast_2011-Feb,DGOERC_Forecast_2011-Feb,DPCERC_Forecast_2011-Feb,DRCARC_Forecast_2011-Feb,DTRSRC_Forecast_2011-Feb,DVAPRC_Forecast_2012-Jul,DFSARC_Forecast_2012-Jul,DGOERC_Forecast_2012-Jul,DPCERC_Forecast_2012-Jul,DRCARC_Forecast_2012-Jul,DTRSRC_Forecast_2012-Jul,DVAPRC_Forecast_2022-Mar,DFSARC_Forecast_2022-Mar,DGOERC_Forecast_2022-Mar,DPCERC_Forecast_2022-Mar,DRCARC_Forecast_2022-Mar,DTRSRC_Forecast_2022-Mar
1992-01-01,59626.0,284955.0,120816.0,4084653.0,133807.0,128583.0,,,,,,,,,,,,,,,,,,,,,,,,
1992-02-01,58998.0,285438.0,117271.0,4099539.0,134996.0,129697.0,,,,,,,,,,,,,,,,,,,,,,,,
1992-03-01,58289.0,284833.0,122232.0,4117009.0,136412.0,130199.0,,,,,,,,,,,,,,,,,,,,,,,,
1992-04-01,58321.0,281367.0,122862.0,4131544.0,137024.0,131179.0,,,,,,,,,,,,,,,,,,,,,,,,
1992-05-01,58607.0,282989.0,124918.0,4158382.0,138989.0,130482.0,,,,,,,,,,,,,,,,,,,,,,,,
1992-06-01,58857.0,277513.0,124520.0,4177056.0,139022.0,131378.0,,,,,,,,,,,,,,,,,,,,,,,,
1992-07-01,59536.0,280546.0,126837.0,4204795.0,140151.0,137919.0,,,,,,,,,,,,,,,,,,,,,,,,
1992-08-01,59560.0,285499.0,125924.0,4220850.0,140956.0,133026.0,,,,,,,,,,,,,,,,,,,,,,,,
1992-09-01,60258.0,286712.0,127785.0,4255267.0,142046.0,135140.0,,,,,,,,,,,,,,,,,,,,,,,,
1992-10-01,61086.0,292144.0,127611.0,4284729.0,143482.0,136898.0,,,,,,,,,,,,,,,,,,,,,,,,
1992-11-01,61047.0,296843.0,128674.0,4300488.0,144994.0,138713.0,,,,,,,,,,,,,,,,,,,,,,,,
1992-12-01,62153.0,296909.0,130644.0,4336398.0,145723.0,140251.0,,,,,,,,,,,,,,,,,,,,,,,,
1993-01-01,63676.0,295499.0,126126.0,4340707.0,147247.0,140294.0,,,,,,,,,,,,,,,,,,,,,,,,
1993-02-01,63761.0,293272.0,130112.0,4355340.0,147711.0,141201.0,,,,,,,,,,,,,,,,,,,,,,,,
1993-03-01,63957.0,291386.0,129698.0,4352498.0,148729.0,142348.0,,,,,,,,,,,,,,,,,,,,,,,,
1993-04-01,65010.0,296230.0,127222.0,4393413.0,151375.0,142986.0,,,,,,,,,,,,,,,,,,,,,,,,
1993-05-01,65841.0,297136.0,128386.0,4422366.0,150640.0,143248.0,,,,,,,,,,,,,,,,,,,,,,,,
1993-06-01,66439.0,299387.0,123721.0,4439965.0,152531.0,145074.0,,,,,,,,,,,,,,,,,,,,,,,,
1993-07-01,66783.0,298674.0,124009.0,4468940.0,154937.0,145646.0,,,,,,,,,,,,,,,,,,,,,,,,
1993-08-01,67137.0,301341.0,126165.0,4481096.0,156388.0,147077.0,,,,,,,,,,,,,,,,,,,,,,,,
1993-09-01,68661.0,304517.0,124993.0,4511530.0,157047.0,148299.0,,,,,,,,,,,,,,,,,,,,,,,,
1993-10-01,68759.0,301144.0,127759.0,4532758.0,157989.0,149393.0,,,,,,,,,,,,,,,,,,,,,,,,
1993-11-01,70029.0,301069.0,128587.0,4554053.0,157333.0,151732.0,,,,,,,,,,,,,,,,,,,,,,,,
1993-12-01,70480.0,301215.0,125809.0,4571141.0,158577.0,151517.0,,,,,,,,,,,,,,,,,,,,,,,,
1994-01-01,70904.0,293170.0,129009.0,4585136.0,159500.0,152556.0,,,,,,,,,,,,,,,,,,,,,,,,
1994-02-01,72343.0,304637.0,128872.0,4632580.0,160563.0,153988.0,,,,,,,,,,,,,,,,,,,,,,,,
1994-03-01,73664.0,307644.0,124233.0,4645953.0,161622.0,158220.0,,,,,,,,,,,,,,,,,,,,,,,,
1994-04-01,74828.0,306181.0,124997.0,4671080.0,161949.0,158148.0,,,,,,,,,,,,,,,,,,,,,,,,
1994-05-01,75097.0,306404.0,124143.0,4669499.0,162708.0,159374.0,,,,,,,,,,,,,,,,,,,,,,,,
1994-06-01,76641.0,310069.0,125328.0,4708909.0,164680.0,160242.0,,,,,,,,,,,,,,,,,,,,,,,,
1994-07-01,76837.0,311988.0,130103.0,4720620.0,166944.0,161711.0,,,,,,,,,,,,,,,,,,,,,,,,
1994-08-01,78242.0,309309.0,134400.0,4762623.0,166286.0,163355.0,,,,,,,,,,,,,,,,,,,,,,,,
1994-09-01,78866.0,311215.0,132198.0,4775041.0,166023.0,164400.0,,,,,,,,,,,,,,,,,,,,,,,,
1994-10-01,80307.0,312059.0,132331.0,4812888.0,166846.0,166086.0,,,,,,,,,,,,,,,,,,,,,,,,
1994-11-01,80812.0,312666.0,129936.0,4825640.0,169005.0,167090.0,,,,,,,,,,,,,,,,,,,,,,,,
1994-12-01,81923.0,314237.0,135217.0,4841610.0,169791.0,166466.0,,,,,,,,,,,,,,,,,,,,,,,,
1995-01-01,82500.0,313924.0,133839.0,4851170.0,171560.0,167865.0,,,,,,,,,,,,,,,,,,,,,,,,
1995-02-01,81208.0,309768.0,136054.0,4850763.0,173236.0,168736.0,,,,,,,,,,,,,,,,,,,,,,,,
1995-03-01,81645.0,312869.0,133692.0,4885374.0,176260.0,170679.0,,,,,,,,,,,,,,,,,,,,,,,,
1995-04-01,81158.0,315517.0,133800.0,4890197.0,176590.0,171924.0,,,,,,,,,,,,,,,,,,,,,,,,
1995-05-01,83635.0,316032.0,135913.0,4933127.0,180438.0,174076.0,,,,,,,,,,,,,,,,,,,,,,,,
1995-06-01,84521.0,315350.0,137554.0,4977503.0,181758.0,175967.0,,,,,,,,,,,,,,,,,,,,,,,,
1995-07-01,84552.0,316573.0,134539.0,4970175.0,181241.0,176737.0,,,,,,,,,,,,,,,,,,,,,,,,
1995-08-01,86381.0,318199.0,132631.0,5005318.0,183912.0,179950.0,,,,,,,,,,,,,,,,,,,,,,,,
1995-09-01,87025.0,318931.0,130675.0,5020492.0,184729.0,180811.0,,,,,,,,,,,,,,,,,,,,,,,,
1995-10-01,87062.0,318496.0,130087.0,5013903.0,186003.0,183189.0,,,,,,,,,,,,,,,,,,,,,,,,
1995-11-01,88417.0,318577.0,130273.0,5055565.0,188600.0,183593.0,,,,,,,,,,,,,,,,,,,,,,,,
1995-12-01,88632.0,319402.0,131797.0,5097498.0,188775.0,182786.0,,,,,,,,,,,,,,,,,,,,,,,,
1996-01-01,87627.0,317822.0,137485.0,5085738.0,187848.0,182173.0,,,,,,,,,,,,,,,,,,,,,,,,
1996-02-01,88668.0,319499.0,135494.0,5132843.0,189602.0,185842.0,,,,,,,,,,,,,,,,,,,,,,,,
1996-03-01,89788.0,323589.0,144308.0,5173265.0,191968.0,187825.0,,,,,,,,,,,,,,,,,,,,,,,,
1996-04-01,90611.0,323679.0,148121.0,5207961.0,191878.0,188913.0,,,,,,,,,,,,,,,,,,,,,,,,
1996-05-01,91470.0,325581.0,148926.0,5223759.0,193149.0,191374.0,,,,,,,,,,,,,,,,,,,,,,,,
1996-06-01,91283.0,325141.0,146458.0,5229777.0,195819.0,189532.0,,,,,,,,,,,,,,,,,,,,,,,,
1996-07-01,91317.0,327007.0,145081.0,5251905.0,200075.0,192012.0,,,,,,,,,,,,,,,,,,,,,,,,
1996-08-01,91716.0,327131.0,143991.0,5275019.0,197100.0,193512.0,,,,,,,,,,,,,,,,,,,,,,,,
1996-09-01,92798.0,328806.0,141309.0,5296591.0,197876.0,198205.0,,,,,,,,,,,,,,,,,,,,,,,,
1996-10-01,93029.0,331340.0,146438.0,5328454.0,199468.0,201313.0,,,,,,,,,,,,,,,,,,,,,,,,
1996-11-01,92584.0,334641.0,148561.0,5351191.0,200060.0,197735.0,,,,,,,,,,,,,,,,,,,,,,,,
1996-12-01,92528.0,334455.0,150771.0,5378645.0,202153.0,203800.0,,,,,,,,,,,,,,,,,,,,,,,,
1997-01-01,91363.0,338446.0,150412.0,5411132.0,202041.0,203921.0,,,,,,,,,,,,,,,,,,,,,,,,
1997-02-01,93749.0,339094.0,153855.0,5433958.0,205439.0,205277.0,,,,,,,,,,,,,,,,,,,,,,,,
1997-03-01,94666.0,339354.0,152219.0,5454224.0,204992.0,208825.0,,,,,,,,,,,,,,,,,,,,,,,,
1997-04-01,95336.0,340677.0,147662.0,5459332.0,206589.0,210199.0,,,,,,,,,,,,,,,,,,,,,,,,
1997-05-01,94673.0,339982.0,141925.0,5460234.0,208002.0,209107.0,,,,,,,,,,,,,,,,,,,,,,,,
1997-06-01,95929.0,342213.0,143390.0,5494236.0,207390.0,211158.0,,,,,,,,,,,,,,,,,,,,,,,,
1997-07-01,97133.0,345207.0,143161.0,5548827.0,208754.0,212902.0,,,,,,,,,,,,,,,,,,,,,,,,
1997-08-01,96896.0,347277.0,146867.0,5587042.0,210064.0,212206.0,,,,,,,,,,,,,,,,,,,,,,,,
1997-09-01,98148.0,347265.0,149410.0,5601667.0,209696.0,216934.0,,,,,,,,,,,,,,,,,,,,,,,,
1997-10-01,97901.0,346074.0,147764.0,5637666.0,212088.0,218116.0,,,,,,,,,,,,,,,,,,,,,,,,
1997-11-01,98621.0,345064.0,148992.0,5661056.0,211491.0,215929.0,,,,,,,,,,,,,,,,,,,,,,,,
1997-12-01,99664.0,350476.0,146278.0,5692107.0,213259.0,217064.0,,,,,,,,,,,,,,,,,,,,,,,,
1998-01-01,100773.0,351843.0,140870.0,5689906.0,216575.0,218880.0,,,,,,,,,,,,,,,,,,,,,,,,
1998-02-01,101862.0,352930.0,135432.0,5723833.0,215670.0,220370.0,,,,,,,,,,,,,,,,,,,,,,,,
1998-03-01,102341.0,354249.0,132184.0,5750287.0,216742.0,221165.0,,,,,,,,,,,,,,,,,,,,,,,,
1998-04-01,103354.0,357531.0,130205.0,5788053.0,217461.0,222717.0,,,,,,,,,,,,,,,,,,,,,,,,
1998-05-01,104373.0,359497.0,131498.0,5837943.0,217252.0,222224.0,,,,,,,,,,,,,,,,,,,,,,,,
1998-06-01,105440.0,361960.0,133585.0,5871702.0,218392.0,223973.0,,,,,,,,,,,,,,,,,,,,,,,,
1998-07-01,107842.0,360620.0,133613.0,5889962.0,220139.0,226384.0,,,,,,,,,,,,,,,,,,,,,,,,
1998-08-01,109011.0,361936.0,131833.0,5924994.0,222159.0,226576.0,,,,,,,,,,,,,,,,,,,,,,,,
1998-09-01,109048.0,366794.0,130722.0,5965584.0,222450.0,228872.0,,,,,,,,,,,,,,,,,,,,,,,,
1998-10-01,109517.0,369354.0,131253.0,5998823.0,224178.0,229443.0,,,,,,,,,,,,,,,,,,,,,,,,
1998-11-01,110533.0,370532.0,129816.0,6015365.0,225067.0,229959.0,,,,,,,,,,,,,,,,,,,,,,,,
1998-12-01,111013.0,374789.0,127245.0,6070526.0,226366.0,231595.0,,,,,,,,,,,,,,,,,,,,,,,,
1999-01-01,111358.0,369804.0,125931.0,6073864.0,226967.0,232596.0,,,,,,,,,,,,,,,,,,,,,,,,
1999-02-01,113038.0,373221.0,125023.0,6099229.0,228882.0,233960.0,,,,,,,,,,,,,,,,,,,,,,,,
1999-03-01,113594.0,372713.0,128007.0,6133027.0,231135.0,235333.0,,,,,,,,,,,,,,,,,,,,,,,,
1999-04-01,114418.0,376148.0,144582.0,6199523.0,234057.0,236497.0,,,,,,,,,,,,,,,,,,,,,,,,
1999-05-01,115924.0,376716.0,143906.0,6232102.0,233970.0,238283.0,,,,,,,,,,,,,,,,,,,,,,,,
1999-06-01,117020.0,377012.0,143978.0,6260300.0,236276.0,240639.0,,,,,,,,,,,,,,,,,,,,,,,,
1999-07-01,117834.0,378150.0,149634.0,6287552.0,238640.0,243256.0,,,,,,,,,,,,,,,,,,,,,,,,
1999-08-01,118692.0,379233.0,153082.0,6331887.0,241122.0,243770.0,,,,,,,,,,,,,,,,,,,,,,,,
1999-09-01,120680.0,384831.0,157491.0,6386490.0,245305.0,245808.0,,,,,,,,,,,,,,,,,,,,,,,,
1999-10-01,120810.0,390197.0,162065.0,6411379.0,245374.0,247655.0,,,,,,,,,,,,,,,,,,,,,,,,
1999-11-01,119896.0,392617.0,154843.0,6448690.0,247376.0,249725.0,,,,,,,,,,,,,,,,,,,,,,,,
1999-12-01,123207.0,393326.0,169997.0,6541049.0,247560.0,248604.0,,,,,,,,,,,,,,,,,,,,,,,,
2000-01-01,124046.0,397202.0,164788.0,6542870.0,246052.0,250043.0,,,,,,,,,,,,,,,,,,,,,,,,
2000-02-01,125397.0,400160.0,172637.0,6625259.0,249103.0,254725.0,,,,,,,,,,,,,,,,,,,,,,,,
2000-03-01,127226.0,407475.0,187245.0,6686521.0,252564.0,257596.0,,,,,,,,,,,,,,,,,,,,,,,,
2000-04-01,128695.0,406270.0,180173.0,6679067.0,252812.0,256922.0,,,,,,,,,,,,,,,,,,,,,,,,
2000-05-01,127028.0,407252.0,179631.0,6709732.0,252812.0,260600.0,,,,,,,,,,,,,,,,,,,,,,,,
2000-06-01,126563.0,409451.0,190955.0,6746933.0,253832.0,261822.0,,,,,,,,,,,,,,,,,,,,,,,,
2000-07-01,127620.0,410880.0,190402.0,6768501.0,258232.0,260375.0,,,,,,,,,,,,,,,,,,,,,,,,
2000-08-01,128262.0,409878.0,183267.0,6802846.0,256093.0,264378.0,,,,,,,,,,,,,,,,,,,,,,,,
2000-09-01,130394.0,416389.0,194393.0,6888604.0,256724.0,266805.0,,,,,,,,,,,,,,,,,,,,,,,,
2000-10-01,129390.0,415873.0,190548.0,6893798.0,257506.0,267184.0,,,,,,,,,,,,,,,,,,,,,,,,
2000-11-01,128550.0,415694.0,186953.0,6909824.0,259192.0,269181.0,,,,,,,,,,,,,,,,,,,,,,,,
2000-12-01,128971.0,408851.0,193195.0,6952196.0,257759.0,265721.0,,,,,,,,,,,,,,,,,,,,,,,,
2001-01-01,128188.0,421949.0,190304.0,6987401.0,263733.0,268353.0,,,,,,,,,,,,,,,,,,,,,,,,
2001-02-01,127097.0,418640.0,186229.0,7001834.0,261147.0,266643.0,,,,,,,,,,,,,,,,,,,,,,,,
2001-03-01,127220.0,418522.0,181036.0,6996658.0,261768.0,265570.0,,,,,,,,,,,,,,,,,,,,,,,,
2001-04-01,126329.0,416312.0,185296.0,7004240.0,261630.0,266089.0,,,,,,,,,,,,,,,,,,,,,,,,
2001-05-01,126491.0,419132.0,197473.0,7052781.0,262965.0,263784.0,,,,,,,,,,,,,,,,,,,,,,,,
2001-06-01,127821.0,420837.0,188221.0,7069728.0,261272.0,263050.0,,,,,,,,,,,,,,,,,,,,,,,,
2001-07-01,129246.0,420815.0,180519.0,7082297.0,262741.0,262572.0,,,,,,,,,,,,,,,,,,,,,,,,
2001-08-01,129368.0,426326.0,171689.0,7121688.0,264041.0,265752.0,,,,,,,,,,,,,,,,,,,,,,,,
2001-09-01,125556.0,411328.0,187244.0,7007024.0,258323.0,242436.0,,,,,,,,,,,,,,,,,,,,,,,,
2001-10-01,129179.0,415826.0,168594.0,7212903.0,260791.0,249893.0,,,,,,,,,,,,,,,,,,,,,,,,
2001-11-01,132320.0,418440.0,154663.0,7182323.0,264097.0,252542.0,,,,,,,,,,,,,,,,,,,,,,,,
2001-12-01,134502.0,427840.0,144562.0,7166733.0,264974.0,250921.0,,,,,,,,,,,,,,,,,,,,,,,,
2002-01-01,133628.0,428968.0,144595.0,7184624.0,266147.0,251288.0,,,,,,,,,,,,,,,,,,,,,,,,
2002-02-01,133693.0,432426.0,146631.0,7225161.0,266508.0,252447.0,,,,,,,,,,,,,,,,,,,,,,,,
2002-03-01,133389.0,429849.0,155574.0,7243358.0,267060.0,251893.0,,,,,,,,,,,,,,,,,,,,,,,,
2002-04-01,134127.0,435473.0,165593.0,7312466.0,270641.0,251917.0,,,,,,,,,,,,,,,,,,,,,,,,
2002-05-01,134723.0,433766.0,169409.0,7288903.0,270467.0,252483.0,,,,,,,,,,,,,,,,,,,,,,,,
2002-06-01,134751.0,436910.0,171264.0,7322496.0,267913.0,251943.0,,,,,,,,,,,,,,,,,,,,,,,,
2002-07-01,133778.0,437799.0,170951.0,7387293.0,270435.0,248757.0,,,,,,,,,,,,,,,,,,,,,,,,
2002-08-01,133712.0,438144.0,175062.0,7412576.0,271715.0,251885.0,,,,,,,,,,,,,,,,,,,,,,,,
2002-09-01,133121.0,439844.0,174134.0,7391538.0,274227.0,252507.0,,,,,,,,,,,,,,,,,,,,,,,,
2002-10-01,134478.0,437652.0,178962.0,7435169.0,276003.0,252216.0,,,,,,,,,,,,,,,,,,,,,,,,
2002-11-01,134230.0,440897.0,181078.0,7463805.0,275769.0,249238.0,,,,,,,,,,,,,,,,,,,,,,,,
2002-12-01,135190.0,443999.0,181544.0,7519901.0,279951.0,255907.0,,,,,,,,,,,,,,,,,,,,,,,,
2003-01-01,134193.0,444567.0,195716.0,7541283.0,278643.0,255153.0,,,,,,,,,,,,,,,,,,,,,,,,
2003-02-01,134448.0,444501.0,212958.0,7548649.0,278193.0,255562.0,,,,,,,,,,,,,,,,,,,,,,,,
2003-03-01,134894.0,450041.0,211442.0,7611549.0,281207.0,255298.0,,,,,,,,,,,,,,,,,,,,,,,,
2003-04-01,136669.0,450465.0,192260.0,7634487.0,281357.0,251908.0,,,,,,,,,,,,,,,,,,,,,,,,
2003-05-01,138030.0,459169.0,172609.0,7650333.0,285655.0,256211.0,,,,,,,,,,,,,,,,,,,,,,,,
2003-06-01,140639.0,463287.0,175143.0,7699554.0,287467.0,257463.0,,,,,,,,,,,,,,,,,,,,,,,,
2003-07-01,142305.0,466313.0,179219.0,7757004.0,289346.0,260322.0,,,,,,,,,,,,,,,,,,,,,,,,
2003-08-01,145409.0,472320.0,201539.0,7852102.0,292807.0,263219.0,,,,,,,,,,,,,,,,,,,,,,,,
2003-09-01,146069.0,468155.0,211303.0,7853674.0,294451.0,263623.0,,,,,,,,,,,,,,,,,,,,,,,,
2003-10-01,147455.0,476289.0,200100.0,7867359.0,297113.0,264461.0,,,,,,,,,,,,,,,,,,,,,,,,
2003-11-01,149179.0,479688.0,200711.0,7922591.0,298399.0,263541.0,,,,,,,,,,,,,,,,,,,,,,,,
2003-12-01,151985.0,477797.0,203940.0,7950409.0,301740.0,268659.0,,,,,,,,,,,,,,,,,,,,,,,,
2004-01-01,152200.0,482180.0,218250.0,8007115.0,303886.0,266897.0,,,,,,,,,,,,,,,,,,,,,,,,
2004-02-01,152978.0,484055.0,217497.0,8040409.0,306730.0,268841.0,,,,,,,,,,,,,,,,,,,,,,,,
2004-03-01,153985.0,491304.0,220964.0,8098806.0,310617.0,268906.0,,,,,,,,,,,,,,,,,,,,,,,,
2004-04-01,155732.0,490893.0,214656.0,8107245.0,309655.0,268453.0,,,,,,,,,,,,,,,,,,,,,,,,
2004-05-01,157128.0,493665.0,226756.0,8176470.0,307590.0,268426.0,,,,,,,,,,,,,,,,,,,,,,,,
2004-06-01,158083.0,494751.0,232498.0,8157607.0,310750.0,269810.0,,,,,,,,,,,,,,,,,,,,,,,,
2004-07-01,159640.0,501213.0,228333.0,8236938.0,311233.0,272080.0,,,,,,,,,,,,,,,,,,,,,,,,
2004-08-01,160447.0,499980.0,231167.0,8271607.0,313175.0,272720.0,,,,,,,,,,,,,,,,,,,,,,,,
2004-09-01,162258.0,506588.0,232967.0,8341461.0,315161.0,271257.0,,,,,,,,,,,,,,,,,,,,,,,,
2004-10-01,162893.0,508658.0,252877.0,8397056.0,315113.0,274100.0,,,,,,,,,,,,,,,,,,,,,,,,
2004-11-01,163962.0,509163.0,261547.0,8444456.0,316892.0,275921.0,,,,,,,,,,,,,,,,,,,,,,,,
2004-12-01,164688.0,516301.0,255277.0,8504351.0,316941.0,276384.0,,,,,,,,,,,,,,,,,,,,,,,,
2005-01-01,166817.0,515964.0,251221.0,8497691.0,317501.0,277334.0,,,,,,,,,,,,,,,,,,,,,,,,
2005-02-01,169294.0,523076.0,255855.0,8559081.0,322850.0,276853.0,,,,,,,,,,,,,,,,,,,,,,,,
2005-03-01,170505.0,521829.0,258088.0,8598432.0,324623.0,278942.0,,,,,,,,,,,,,,,,,,,,,,,,
2005-04-01,171402.0,528354.0,268541.0,8678413.0,324063.0,280467.0,,,,,,,,,,,,,,,,,,,,,,,,
2005-05-01,172031.0,529066.0,254694.0,8671645.0,325763.0,281914.0,,,,,,,,,,,,,,,,,,,,,,,,
2005-06-01,173547.0,533154.0,252080.0,8753379.0,327196.0,283506.0,,,,,,,,,,,,,,,,,,,,,,,,
2005-07-01,174544.0,534885.0,279504.0,8853777.0,327198.0,285489.0,,,,,,,,,,,,,,,,,,,,,,,,
2005-08-01,175702.0,536289.0,306700.0,8850108.0,329623.0,284359.0,,,,,,,,,,,,,,,,,,,,,,,,
2005-09-01,176808.0,538153.0,349571.0,8900382.0,330359.0,288646.0,,,,,,,,,,,,,,,,,,,,,,,,
2005-10-01,179923.0,541910.0,341429.0,8938497.0,334822.0,287835.0,,,,,,,,,,,,,,,,,,,,,,,,
2005-11-01,179295.0,550292.0,294260.0,8946242.0,337623.0,290520.0,,,,,,,,,,,,,,,,,,,,,,,,
2005-12-01,179453.0,550618.0,293296.0,8981147.0,335865.0,290747.0,,,,,,,,,,,,,,,,,,,,,,,,
2006-01-01,187031.0,565088.0,309280.0,9071617.0,342915.0,292010.0,,,,,,,,,,,,,,,,,,,,,,,,
2006-02-01,184034.0,557894.0,305014.0,9095989.0,341461.0,292851.0,,,,,,,,,,,,,,,,,,,,,,,,
2006-03-01,186254.0,562352.0,298772.0,9132854.0,343244.0,292869.0,,,,,,,,,,,,,,,,,,,,,,,,
2006-04-01,186047.0,563501.0,324935.0,9191586.0,346313.0,295057.0,,,,,,,,,,,,,,,,,,,,,,,,
2006-05-01,185688.0,564286.0,328504.0,9231759.0,347768.0,296130.0,,,,,,,,,,,,,,,,,,,,,,,,
2006-06-01,186203.0,564675.0,329241.0,9259602.0,347855.0,297287.0,,,,,,,,,,,,,,,,,,,,,,,,
2006-07-01,185751.0,564909.0,361021.0,9343801.0,349985.0,298541.0,,,,,,,,,,,,,,,,,,,,,,,,
2006-08-01,187516.0,571554.0,362134.0,9342154.0,352542.0,296475.0,,,,,,,,,,,,,,,,,,,,,,,,
2006-09-01,189524.0,577745.0,324445.0,9375362.0,354564.0,299421.0,,,,,,,,,,,,,,,,,,,,,,,,
2006-10-01,188684.0,578728.0,294350.0,9393623.0,357338.0,299879.0,,,,,,,,,,,,,,,,,,,,,,,,
2006-11-01,191773.0,582005.0,287633.0,9400206.0,365162.0,301351.0,,,,,,,,,,,,,,,,,,,,,,,,
2006-12-01,197249.0,594462.0,310469.0,9488275.0,366190.0,302805.0,,,,,,,,,,,,,,,,,,,,,,,,
2007-01-01,194998.0,588296.0,301957.0,9538721.0,365970.0,303085.0,,,,,,,,,,,,,,,,,,,,,,,,
2007-02-01,194956.0,584693.0,310856.0,9565960.0,366387.0,304954.0,,,,,,,,,,,,,,,,,,,,,,,,
2007-03-01,195824.0,592822.0,323001.0,9611732.0,371341.0,306458.0,,,,,,,,,,,,,,,,,,,,,,,,
2007-04-01,196524.0,592674.0,336754.0,9643571.0,369989.0,304199.0,,,,,,,,,,,,,,,,,,,,,,,,
2007-05-01,197321.0,596983.0,343974.0,9685806.0,374938.0,306226.0,,,,,,,,,,,,,,,,,,,,,,,,
2007-06-01,197636.0,601054.0,344089.0,9706762.0,373743.0,305890.0,,,,,,,,,,,,,,,,,,,,,,,,
2007-07-01,200615.0,601220.0,353508.0,9751141.0,377768.0,306533.0,,,,,,,,,,,,,,,,,,,,,,,,
2007-08-01,200880.0,605920.0,337468.0,9798937.0,377460.0,308759.0,,,,,,,,,,,,,,,,,,,,,,,,
2007-09-01,200633.0,606980.0,356547.0,9845072.0,378825.0,309780.0,,,,,,,,,,,,,,,,,,,,,,,,
2007-10-01,201496.0,612485.0,354592.0,9882702.0,382376.0,312794.0,,,,,,,,,,,,,,,,,,,,,,,,
2007-11-01,205636.0,612963.0,385797.0,9955924.0,381276.0,313252.0,,,,,,,,,,,,,,,,,,,,,,,,
2007-12-01,202114.0,621888.0,398015.0,9972793.0,387054.0,308711.0,,,,,,,,,,,,,,,,,,,,,,,,
2008-01-01,198152.0,616072.0,391639.0,9996400.0,386138.0,316863.0,,,,,,,,,,,,,,,,,,,,,,,,
2008-02-01,196845.0,608551.0,384808.0,9981672.0,385546.0,311016.0,,,,,,,,,,,,,,,,,,,,,,,,
2008-03-01,197201.0,615426.0,410462.0,10035263.0,386225.0,311219.0,,,,,,,,,,,,,,,,,,,,,,,,
2008-04-01,200394.0,617960.0,398837.0,10070270.0,388824.0,312108.0,,,,,,,,,,,,,,,,,,,,,,,,
2008-05-01,203645.0,622243.0,413023.0,10132271.0,391644.0,316678.0,,,,,,,,,,,,,,,,,,,,,,,,
2008-06-01,200735.0,623640.0,451600.0,10187065.0,393916.0,318409.0,,,,,,,,,,,,,,,,,,,,,,,,
2008-07-01,200729.0,623508.0,460497.0,10185092.0,394312.0,316704.0,,,,,,,,,,,,,,,,,,,,,,,,
2008-08-01,196677.0,625755.0,444013.0,10175729.0,391936.0,315674.0,,,,,,,,,,,,,,,,,,,,,,,,
2008-09-01,193267.0,623350.0,432058.0,10116413.0,389213.0,312825.0,,,,,,,,,,,,,,,,,,,,,,,,
2008-10-01,189215.0,623196.0,396982.0,10034123.0,388741.0,309879.0,,,,,,,,,,,,,,,,,,,,,,,,
2008-11-01,187910.0,621590.0,282406.0,9885231.0,387136.0,303835.0,,,,,,,,,,,,,,,,,,,,,,,,
2008-12-01,184131.0,620534.0,226741.0,9801472.0,385201.0,307059.0,,,,,,,,,,,,,,,,,,,,,,,,
2009-01-01,190240.0,618998.0,235365.0,9847249.0,389763.0,304171.0,,,,,,,,,,,,,,,,,,,,,,,,
2009-02-01,189342.0,616884.0,256556.0,9824478.0,388656.0,299926.0,,,,,,,,,,,,,,,,,,,,,,,,
2009-03-01,180072.0,608560.0,241945.0,9773181.0,383869.0,294986.0,,,,,,,,,,,,,,,,,,,,,,,,
2009-04-01,178851.0,612653.0,243206.0,9772523.0,383732.0,295466.0,,,,,,,,,,,,,,,,,,,,,,,,
2009-05-01,177992.0,611585.0,253141.0,9791553.0,382434.0,292331.0,,,,,,,,,,,,,,,,,,,,,,,,
2009-06-01,178651.0,609479.0,299027.0,9852431.0,385406.0,290912.0,,,,,,,,,,,,,,,,,,,,,,,,
2009-07-01,177311.0,611341.0,297472.0,9886264.0,387569.0,295192.0,,,,,,,,,,,,,,,,,,,,,,,,
2009-08-01,177110.0,611971.0,314761.0,10004129.0,390587.0,296163.0,,,,,,,,,,,,,,,,,,,,,,,,
2009-09-01,178441.0,609049.0,314406.0,9927825.0,392278.0,296921.0,,,,,,,,,,,,,,,,,,,,,,,,
2009-10-01,177333.0,610648.0,322373.0,9976733.0,390620.0,298478.0,,,,,,,,,,,,,,,,,,,,,,,,
2009-11-01,180998.0,614412.0,333469.0,9985676.0,393590.0,300120.0,,,,,,,,,,,,,,,,,,,,,,,,
2009-12-01,180240.0,616678.0,332608.0,10052579.0,392288.0,303676.0,,,,,,,,,,,,,,,,,,,,,,,,
2010-01-01,181520.0,615955.0,339262.0,10056058.0,392529.0,304417.0,,,,,,,,,,,,,,,,,,,,,,,,
2010-02-01,184329.0,625227.0,326808.0,10093426.0,395220.0,301159.0,,,,,,,,,,,,,,,,,,,,,,,,
2010-03-01,181520.0,627574.0,323227.0,10155982.0,397796.0,303829.0,,,,,,,,,,,,,,,,,,,,,,,,
2010-04-01,182202.0,632226.0,328899.0,10182287.0,402843.0,302388.0,,,,,,,,,,,,,,,,,,,,,,,,
2010-05-01,182007.0,633131.0,321684.0,10210816.0,402968.0,301822.0,,,,,,,,,,,,,,,,,,,,,,,,
2010-06-01,184233.0,635076.0,317691.0,10231332.0,404336.0,302396.0,,,,,,,,,,,,,,,,,,,,,,,,
2010-07-01,181865.0,637019.0,324339.0,10268126.0,409041.0,303143.0,,,,,,,,,,,,,,,,,,,,,,,,
2010-08-01,182228.0,641796.0,328263.0,10307070.0,409412.0,304024.0,,,,,,,,,,,,,,,,,,,,,,,,
2010-09-01,184365.0,642521.0,337061.0,10327066.0,408116.0,306087.0,,,,,,,,,,,,,,,,,,,,,,,,
2010-10-01,183254.0,645360.0,352100.0,10386366.0,409833.0,310151.0,,,,,,,,,,,,,,,,,,,,,,,,
2010-11-01,181791.0,647829.0,358359.0,10433573.0,409298.0,310838.0,,,,,,,,,,,,,,,,,,,,,,,,
2010-12-01,183723.0,644335.0,382918.0,10470972.0,403523.0,311586.0,,,,,,,,,,,,,,,,,,,,,,,,
2011-01-01,185692.0,645917.0,384081.0,10514256.0,402110.0,313034.0,,,,,,,,,,,,,,,,,,,,,,,,
2011-02-01,185457.0,657272.0,389417.0,10540610.0,404029.0,315523.0,,,,,,,,,,,,,,,,,,,,,,,,
2011-03-01,187410.0,660694.0,411617.0,10619719.0,406233.0,321105.0,,,,,,,,,,,,,,,,,,,,,,,,
2011-04-01,187846.0,659495.0,425155.0,10652081.0,407180.0,323732.0,,,,,,,,,,,,,,,,,,,,,,,,
2011-05-01,187237.0,666103.0,425693.0,10672199.0,409564.0,329303.0,,,,,,,,,,,,,,,,,,,,,,,,
2011-06-01,188019.0,670018.0,419583.0,10694775.0,412210.0,329303.0,,,,,,,,,,,,,,,,,,,,,,,,
2011-07-01,188529.0,672051.0,418559.0,10731621.0,412638.0,331676.0,,,,,,,,,,,,,,,,,,,,,,,,
2011-08-01,188795.0,675568.0,417327.0,10750276.0,411759.0,331492.0,,,,,,,,,,,,,,,,,,,,,,,,
2011-09-01,186205.0,681210.0,424827.0,10783189.0,413193.0,336707.0,,,,,,,,,,,,,,,,,,,,,,,,
2011-10-01,193121.0,682051.0,417183.0,10802881.0,409298.0,336144.0,,,,,,,,,,,,,,,,,,,,,,,,
2011-11-01,190125.0,683544.0,419913.0,10806828.0,410006.0,337041.0,,,,,,,,,,,,,,,,,,,,,,,,
2011-12-01,187412.0,679653.0,412256.0,10817849.0,409959.0,335288.0,,,,,,,,,,,,,,,,,,,,,,,,
2012-01-01,187922.0,689435.0,414541.0,10896780.0,418276.0,333248.0,,,,,,,,,,,,,,,,,,,,,,,,
2012-02-01,190064.0,691936.0,433508.0,10987216.0,420350.0,333229.0,,,,,,,,,,,,,,,,,,,,,,,,
2012-03-01,190586.0,694621.0,429283.0,10993908.0,421984.0,336680.0,,,,,,,,,,,,,,,,,,,,,,,,
2012-04-01,188386.0,701185.0,431433.0,11018538.0,424188.0,341407.0,,,,,,,,,,,,,,,,,,,,,,,,
2012-05-01,190165.0,699884.0,419568.0,11006796.0,427614.0,344739.0,,,,,,,,,,,,,,,,,,,,,,,,
2012-06-01,189158.0,704063.0,399899.0,10989830.0,433430.0,344890.0,,,,,,,,,,,,,,,,,,,,,,,,
2012-07-01,191196.0,706487.0,386644.0,11016846.0,434370.0,341966.0,,,,,,,,,,,,,,,,,,,,,,,,
2012-08-01,190171.0,707355.0,431326.0,11056012.0,430283.0,342300.0,,,,,,,,,,,,,,,,,,,,,,,,
2012-09-01,190876.0,712129.0,436250.0,11105323.0,435518.0,341860.0,,,,,,,,,,,,,,,,,,,,,,,,
2012-10-01,189237.0,711563.0,449346.0,11137427.0,439217.0,342014.0,,,,,,,,,,,,,,,,,,,,,,,,
2012-11-01,192964.0,717977.0,425454.0,11178433.0,440982.0,343905.0,,,,,,,,,,,,,,,,,,,,,,,,
2012-12-01,194353.0,722498.0,405964.0,11181248.0,443021.0,346365.0,,,,,,,,,,,,,,,,,,,,,,,,
2013-01-01,195229.0,729883.0,426748.0,11252374.0,442864.0,350021.0,,,,,,,,,,,,,,,,,,,,,,,,
2013-02-01,195646.0,726724.0,444778.0,11290497.0,446391.0,351206.0,,,,,,,,,,,,,,,,,,,,,,,,
2013-03-01,192975.0,728432.0,427162.0,11290121.0,442973.0,351466.0,,,,,,,,,,,,,,,,,,,,,,,,
2013-04-01,191607.0,723647.0,411233.0,11281071.0,440371.0,354779.0,,,,,,,,,,,,,,,,,,,,,,,,
2013-05-01,191920.0,725870.0,409881.0,11321560.0,444317.0,356414.0,,,,,,,,,,,,,,,,,,,,,,,,
2013-06-01,192296.0,726144.0,413437.0,11344413.0,443929.0,360165.0,,,,,,,,,,,,,,,,,,,,,,,,
2013-07-01,191846.0,730926.0,417332.0,11372550.0,448949.0,362889.0,,,,,,,,,,,,,,,,,,,,,,,,
2013-08-01,192217.0,731942.0,422012.0,11406597.0,454128.0,366004.0,,,,,,,,,,,,,,,,,,,,,,,,
2013-09-01,191761.0,732986.0,418420.0,11445929.0,451126.0,365880.0,,,,,,,,,,,,,,,,,,,,,,,,
2013-10-01,192378.0,739267.0,415896.0,11498041.0,451372.0,365245.0,,,,,,,,,,,,,,,,,,,,,,,,
2013-11-01,191907.0,748738.0,426728.0,11562480.0,458129.0,359494.0,,,,,,,,,,,,,,,,,,,,,,,,
2013-12-01,192402.0,747224.0,425853.0,11593168.0,459336.0,377508.0,,,,,,,,,,,,,,,,,,,,,,,,
2014-01-01,189652.0,743179.0,432859.0,11578798.0,460654.0,371695.0,,,,,,,,,,,,,,,,,,,,,,,,
2014-02-01,192598.0,750866.0,433914.0,11636889.0,466516.0,376295.0,,,,,,,,,,,,,,,,,,,,,,,,
2014-03-01,194391.0,759522.0,420046.0,11722315.0,467667.0,378912.0,,,,,,,,,,,,,,,,,,,,,,,,
2014-04-01,194766.0,763768.0,431287.0,11762305.0,463363.0,378029.0,,,,,,,,,,,,,,,,,,,,,,,,
2014-05-01,193926.0,769701.0,421854.0,11807312.0,464939.0,380297.0,,,,,,,,,,,,,,,,,,,,,,,,
2014-06-01,194764.0,772839.0,418833.0,11861735.0,465718.0,383331.0,,,,,,,,,,,,,,,,,,,,,,,,
2014-07-01,195504.0,778170.0,423562.0,11904353.0,468618.0,385449.0,,,,,,,,,,,,,,,,,,,,,,,,
2014-08-01,195591.0,784920.0,420044.0,11983661.0,479757.0,387730.0,,,,,,,,,,,,,,,,,,,,,,,,
2014-09-01,196979.0,789274.0,399556.0,11991354.0,473180.0,386325.0,,,,,,,,,,,,,,,,,,,,,,,,
2014-10-01,197298.0,798888.0,400434.0,12064692.0,480444.0,387553.0,,,,,,,,,,,,,,,,,,,,,,,,
2014-11-01,198099.0,798355.0,380519.0,12083888.0,479096.0,384593.0,,,,,,,,,,,,,,,,,,,,,,,,
2014-12-01,197166.0,812248.0,347978.0,12096102.0,482959.0,392642.0,,,,,,,,,,,,,,,,,,,,,,,,
2015-01-01,195982.0,815091.0,301242.0,12066664.0,489482.0,388419.0,,,,,,,,,,,,,,,,,,,,,,,,
2015-02-01,194237.0,813630.0,315271.0,12116561.0,487624.0,387337.0,,,,,,,,,,,,,,,,,,,,,,,,
2015-03-01,190238.0,820524.0,323428.0,12176065.0,486574.0,390890.0,,,,,,,,,,,,,,,,,,,,,,,,
2015-04-01,191830.0,827958.0,318413.0,12209081.0,494350.0,392156.0,,,,,,,,,,,,,,,,,,,,,,,,
2015-05-01,190082.0,831707.0,338074.0,12275406.0,499097.0,394540.0,,,,,,,,,,,,,,,,,,,,,,,,
2015-06-01,191361.0,831045.0,343543.0,12307934.0,498070.0,392886.0,,,,,,,,,,,,,,,,,,,,,,,,
2015-07-01,190363.0,833679.0,347082.0,12364885.0,497588.0,395284.0,,,,,,,,,,,,,,,,,,,,,,,,
2015-08-01,191264.0,836512.0,339515.0,12396189.0,498712.0,392693.0,,,,,,,,,,,,,,,,,,,,,,,,
2015-09-01,193159.0,840176.0,307696.0,12386409.0,503398.0,394278.0,,,,,,,,,,,,,,,,,,,,,,,,
2015-10-01,193146.0,846143.0,303045.0,12394909.0,508768.0,396753.0,,,,,,,,,,,,,,,,,,,,,,,,
2015-11-01,192225.0,845381.0,299756.0,12423153.0,513346.0,397417.0,,,,,,,,,,,,,,,,,,,,,,,,
2015-12-01,193477.0,858394.0,288491.0,12451998.0,519255.0,399245.0,,,,,,,,,,,,,,,,,,,,,,,,
2016-01-01,192395.0,849831.0,276379.0,12477959.0,518628.0,404299.0,,,,,,,,,,,,,,,,,,,,,,,,
2016-02-01,194365.0,865406.0,251725.0,12554520.0,522765.0,407699.0,,,,,,,,,,,,,,,,,,,,,,,,
2016-03-01,194244.0,862883.0,272088.0,12536989.0,516634.0,405611.0,,,,,,,,,,,,,,,,,,,,,,,,
2016-04-01,194593.0,865192.0,282137.0,12611453.0,520715.0,406903.0,,,,,,,,,,,,,,,,,,,,,,,,
2016-05-01,196840.0,863857.0,288403.0,12652685.0,521322.0,407629.0,,,,,,,,,,,,,,,,,,,,,,,,
2016-06-01,197563.0,864833.0,299105.0,12731235.0,524389.0,409058.0,,,,,,,,,,,,,,,,,,,,,,,,
2016-07-01,198565.0,867087.0,285267.0,12756654.0,532635.0,412027.0,,,,,,,,,,,,,,,,,,,,,,,,
2016-08-01,199930.0,872938.0,281641.0,12788079.0,530092.0,409935.0,,,,,,,,,,,,,,,,,,,,,,,,
2016-09-01,197936.0,882103.0,292881.0,12846646.0,535061.0,417956.0,,,,,,,,,,,,,,,,,,,,,,,,
2016-10-01,197762.0,879833.0,295575.0,12867030.0,538101.0,414324.0,,,,,,,,,,,,,,,,,,,,,,,,
2016-11-01,196599.0,892736.0,301715.0,12893010.0,539777.0,418140.0,,,,,,,,,,,,,,,,,,,,,,,,
2016-12-01,200690.0,879565.0,317262.0,13005926.0,542209.0,419022.0,,,,,,,,,,,,,,,,,,,,,,,,
2017-01-01,201929.0,905257.0,320697.0,13063650.0,550726.0,418789.0,,,,,,,,,,,,,,,,,,,,,,,,
2017-02-01,202512.0,903331.0,326138.0,13088383.0,552178.0,417923.0,,,,,,,,,,,,,,,,,,,,,,,,
2017-03-01,207382.0,905411.0,323209.0,13139886.0,558795.0,418325.0,,,,,,,,,,,,,,,,,,,,,,,,
2017-04-01,209814.0,905525.0,320047.0,13169177.0,556277.0,422127.0,,,,,,,,,,,,,,,,,,,,,,,,
2017-05-01,210392.0,906391.0,306410.0,13171862.0,555519.0,422268.0,,,,,,,,,,,,,,,,,,,,,,,,
2017-06-01,210955.0,905527.0,303173.0,13225151.0,556361.0,425951.0,,,,,,,,,,,,,,,,,,,,,,,,
2017-07-01,211562.0,904683.0,296322.0,13263299.0,560042.0,430145.0,,,,,,,,,,,,,,,,,,,,,,,,
2017-08-01,213314.0,913075.0,312289.0,13294640.0,555938.0,432844.0,,,,,,,,,,,,,,,,,,,,,,,,
2017-09-01,214502.0,921578.0,346861.0,13417255.0,551008.0,437044.0,,,,,,,,,,,,,,,,,,,,,,,,
2017-10-01,213713.0,922435.0,333501.0,13447486.0,550481.0,439515.0,,,,,,,,,,,,,,,,,,,,,,,,
2017-11-01,221336.0,929895.0,344363.0,13540626.0,555366.0,441782.0,,,,,,,,,,,,,,,,,,,,,,,,
2017-12-01,224095.0,935676.0,354783.0,13666091.0,559961.0,446148.0,,,,,,,,,,,,,,,,,,,,,,,,
2018-01-01,233119.0,935511.0,362083.0,13703270.0,564984.0,452058.0,,,,,,,,,,,,,,,,,,,,,,,,
2018-02-01,234263.0,939212.0,355165.0,13738737.0,574796.0,456086.0,,,,,,,,,,,,,,,,,,,,,,,,
2018-03-01,234334.0,949005.0,360021.0,13793215.0,571841.0,456769.0,,,,,,,,,,,,,,,,,,,,,,,,
2018-04-01,234235.0,939211.0,362521.0,13838421.0,572536.0,456269.0,,,,,,,,,,,,,,,,,,,,,,,,
2018-05-01,233652.0,957402.0,369468.0,13905023.0,572212.0,455047.0,,,,,,,,,,,,,,,,,,,,,,,,
2018-06-01,233921.0,968475.0,374784.0,13930438.0,576562.0,454592.0,,,,,,,,,,,,,,,,,,,,,,,,
2018-07-01,234402.0,975278.0,369963.0,13974828.0,577186.0,454248.0,,,,,,,,,,,,,,,,,,,,,,,,
2018-08-01,235793.0,978615.0,376823.0,14013992.0,580860.0,454932.0,,,,,,,,,,,,,,,,,,,,,,,,
2018-09-01,235398.0,965303.0,376831.0,14017778.0,581342.0,456547.0,,,,,,,,,,,,,,,,,,,,,,,,
2018-10-01,237370.0,974598.0,381243.0,14083061.0,577830.0,458288.0,,,,,,,,,,,,,,,,,,,,,,,,
2018-11-01,243481.0,973616.0,363429.0,14162941.0,577269.0,460269.0,,,,,,,,,,,,,,,,,,,,,,,,
2018-12-01,224683.0,972162.0,347773.0,14051596.0,583403.0,462223.0,,,,,,,,,,,,,,,,,,,,,,,,
2019-01-01,240913.0,974744.0,324018.0,14084585.0,580802.0,465216.0,,,,,,,,,,,,,,,,,,,,,,,,
2019-02-01,242410.0,978666.0,339668.0,14117418.0,582413.0,467261.0,,,,,,,,,,,,,,,,,,,,,,,,
2019-03-01,244350.0,985728.0,353614.0,14248569.0,592690.0,472042.0,,,,,,,,,,,,,,,,,,,,,,,,
2019-04-01,246093.0,989756.0,376346.0,14289984.0,592518.0,477178.0,,,,,,,,,,,,,,,,,,,,,,,,
2019-05-01,253150.0,996894.0,366618.0,14353322.0,592545.0,481094.0,,,,,,,,,,,,,,,,,,,,,,,,
2019-06-01,258527.0,1005168.0,354295.0,14408679.0,597821.0,484894.0,,,,,,,,,,,,,,,,,,,,,,,,
2019-07-01,259199.0,1011506.0,353303.0,14495969.0,596595.0,488949.0,,,,,,,,,,,,,,,,,,,,,,,,
2019-08-01,258770.0,1013799.0,352892.0,14558244.0,603270.0,494856.0,,,,,,,,,,,,,,,,,,,,,,,,
2019-09-01,260731.0,1021464.0,344001.0,14590632.0,601056.0,497855.0,,,,,,,,,,,,,,,,,,,,,,,,
2019-10-01,260187.0,1027443.0,348967.0,14617397.0,606395.0,500673.0,,,,,,,,,,,,,,,,,,,,,,,,
2019-11-01,259338.0,1029990.0,356285.0,14710955.0,610593.0,502997.0,,,,,,,,,,,,,,,,,,,,,,,,
2019-12-01,257945.0,1041549.0,360133.0,14774762.0,609811.0,502397.0,,,,,,,,,,,,,,,,,,,,,,,,
2020-01-01,263519.0,1050263.0,356800.0,14868334.0,612052.0,503722.0,,,,,,,,,,,,,,,,,,,,,,,,
2020-02-01,263267.0,1047194.0,336155.0,14828146.0,602829.0,500105.0,,,,,,,,,,,,,,,,,,,,,,,,
2020-03-01,257674.0,755934.0,262133.0,13812814.0,474888.0,367242.0,,,,,,,,,,,,,,,,,,,,,,,,
2020-04-01,244738.0,496610.0,165539.0,12249167.0,338028.0,272416.0,,,,,,,,,,,,,,,,,,,,,,,,
2020-05-01,272317.0,633298.0,191076.0,13281510.0,359266.0,299783.0,,,,,,,,,,,,,,,,,,,,,,,,
2020-06-01,285956.0,780006.0,235011.0,14049214.0,448066.0,328900.0,,,,,,,,,,,,,,,,,,,,,,,,
2020-07-01,299300.0,815539.0,247134.0,14307240.0,449657.0,338080.0,,,,,,,,,,,,,,,,,,,,,,,,
2020-08-01,304759.0,867013.0,255669.0,14462235.0,459224.0,344409.0,,,,,,,,,,,,,,,,,,,,,,,,
2020-09-01,300738.0,886616.0,269257.0,14668142.0,476459.0,353297.0,,,,,,,,,,,,,,,,,,,,,,,,
2020-10-01,307329.0,883146.0,257940.0,14725760.0,480035.0,362165.0,,,,,,,,,,,,,,,,,,,,,,,,
2020-11-01,309475.0,851030.0,253623.0,14701645.0,473620.0,361829.0,,,,,,,,,,,,,,,,,,,,,,,,
2020-12-01,309226.0,820831.0,271163.0,14822032.0,468361.0,365517.0,,,,,,,,,,,,,,,,,,,,,,,,
2021-01-01,320109.0,880851.0,297365.0,15073011.0,495763.0,368676.0,,,,,,,,,,,,,,,,,,,,,,,,
2021-02-01,310848.0,860916.0,312310.0,14983501.0,496435.0,362941.0,,,,,,,,,,,,,,,,,,,,,,,,
2021-03-01,341501.0,967740.0,350501.0,15709722.0,527096.0,397110.0,,,,,,,,,,,,,,,,,,,,,,,,
2021-04-01,342212.0,1006029.0,350465.0,15917545.0,548657.0,426765.0,,,,,,,,,,,,,,,,,,,,,,,,
2021-05-01,340936.0,1035589.0,364521.0,15973499.0,560885.0,449245.0,,,,,,,,,,,,,,,,,,,,,,,,
2021-06-01,351660.0,1079801.0,390380.0,16191662.0,571077.0,475786.0,,,,,,,,,,,,,,,,,,,,,,,,
2021-07-01,335708.0,1108708.0,396363.0,16239708.0,595637.0,508175.0,,,,,,,,,,,,,,,,,,,,,,,,
2021-08-01,345752.0,1115078.0,399503.0,16412912.0,596519.0,518605.0,,,,,,,,,,,,,,,,,,,,,,,,
2021-09-01,341593.0,1119337.0,410632.0,16489569.0,617196.0,516398.0,,,,,,,,,,,,,,,,,,,,,,,,
2021-10-01,352908.0,1123327.0,430269.0,16704232.0,633932.0,521467.0,,,,,,,,,,,,,,,,,,,,,,,,
2021-11-01,344768.0,1142298.0,461969.0,16849832.0,640043.0,527885.0,,,,,,,,,,,,,,,,,,,,,,,,
2021-12-01,341634.0,1140078.0,464633.0,16890989.0,638077.0,538007.0,,,,,,,,,,,,,,,,,,,,,,,,
2022-01-01,349596.0,1108181.0,456656.0,16993756.0,626402.0,512788.0,,,,,,,,,,,,,,,,,,,,,,,,
2022-02-01,346304.0,1154887.0,487462.0,17106023.0,636935.0,533642.0,,,,,,,,,,,,,,,,,,,,,,,,
2022-03-01,352285.0,1190727.0,556676.0,17347210.0,656260.0,572046.0,,,,,,,,,,,,,,,,,,,,,,,,
2022-04-01,356998.0,1225071.0,523517.0,17490045.0,666415.0,572455.0,,,,,,,,,,,,,,,,,,,,,,,,
2022-05-01,352533.0,1236499.0,560130.0,17574491.0,675820.0,573965.0,,,,,,,,,,,,,,,,,,,,,,,,
2022-06-01,349318.0,1248847.0,603642.0,17755188.0,681457.0,574640.0,,,,,,,,,,,,,,,,,,,,,,,,
2022-07-01,353147.0,1245590.0,540500.0,17770089.0,683325.0,571944.0,,,,,,,,,,,,,,,,,,,,,,,,
2022-08-01,355604.0,1275316.0,500030.0,17916450.0,683887.0,577790.0,,,,,,,,,,,,,,,,,,,,,,,,
2022-09-01,356915.0,1280072.0,483907.0,17992828.0,691896.0,591949.0,,,,,,,,,,,,,,,,,,,,,,,,
2022-10-01,355637.0,1295289.0,505405.0,18109562.0,703831.0,595400.0,,,,,,,,,,,,,,,,,,,,,,,,
2022-11-01,342248.0,1288594.0,500098.0,18108024.0,710919.0,591031.0,,,,,,,,,,,,,,,,,,,,,,,,
2022-12-01,346132.0,1281227.0,457200.0,18116497.0,710430.0,592588.0,,,,,,,,,,,,,,,,,,,,,,,,
2023-01-01,367511.0,1347846.0,471806.0,18449085.0,722935.0,602652.0,,,,,,,,,,,,,,,,,,,,,,,,
2023-02-01,367513.0,1326928.0,475822.0,18491570.0,724882.0,603543.0,,,,,,,,,,,,,,,,,,,,,,,,
2023-03-01,366636.0,1331011.0,462228.0,18520420.0,726050.0,610027.0,,,,,,,,,,,,,,,,,,,,,,,,
2023-04-01,372266.0,1333223.0,466911.0,18641787.0,733374.0,604724.0,,,,,,,,,,,,,,,,,,,,,,,,
2023-05-01,373927.0,1345202.0,443233.0,18664600.0,729104.0,608327.0,,,,,,,,,,,,,,,,,,,,,,,,
2023-06-01,376761.0,1354047.0,455943.0,18772996.0,745012.0,613314.0,,,,,,,,,,,,,,,,,,,,,,,,
2023-07-01,382733.0,1363967.0,441693.0,18884215.0,750269.0,620614.0,,,,,,,,,,,,,,,,,,,,,,,,
2023-08-01,381015.0,1368625.0,477243.0,18953262.0,745574.0,618666.0,,,,,,,,,,,,,,,,,,,,,,,,
2023-09-01,385394.0,1385172.0,492161.0,19048067.0,743903.0,627875.0,,,,,,,,,,,,,,,,,,,,,,,,
2023-10-01,387059.0,1386750.0,481288.0,19109352.0,745086.0,629638.0,,,,,,,,,,,,,,,,,,,,,,,,
2023-11-01,382782.0,1400958.0,458072.0,19178922.0,749095.0,634800.0,,,,,,,,,,,,,,,,,,,,,,,,
2023-12-01,386605.0,1406041.0,452366.0,19283525.0,756610.0,628614.0,,,,,,,,,,,,,,,,,,,,,,,,
2024-01-01,390111.0,1403602.0,439932.0,19303276.0,751043.0,622292.0,,,,,,,,,,,,,,,,,,,,,,,,
2024-02-01,389286.0,1415025.0,436456.0,19446475.0,767321.0,634963.0,,,,,,,,,,,,,,,,,,,,,,,,
2024-03-01,396739.0,1411026.0,455630.0,19581752.0,770989.0,648207.0,,,,,,,,,,,,,,,,,,,,,,,,
2024-04-01,395538.0,1413310.0,464471.0,19665702.0,767713.0,657345.0,,,,,,,,,,,,,,,,,,,,,,,,
2024-05-01,400447.0,1419202.0,460596.0,19758028.0,768000.0,669255.0,,,,,,,,,,,,,,,,,,,,,,,,
2024-06-01,407747.0,1422055.0,438423.0,19844548.0,771715.0,671296.0,,,,,,,,,,,,,,,,,,,,,,,,
2024-07-01,403566.0,1426866.0,445023.0,19949519.0,773003.0,662394.0,,,,,,,,,,,,,,,,,,,,,,,,
2024-08-01,404579.0,1432837.0,433492.0,20001295.0,780757.0,661835.0,,,,,,,,,,,,,,,,,,,,,,,,
2024-09-01,405565.0,1440868.0,430833.0,20147639.0,780947.0,662789.0,,,,,,,,,,,,,,,,,,,,,,,,
2024-10-01,409911.0,1450209.0,422138.0,20226006.0,786558.0,667608.0,,,,,,,,,,,,,,,,,,,,,,,,
2024-11-01,412793.0,1457275.0,416151.0,20313595.0,801069.0,670225.0,,,,,,,,,,,,,,,,,,,,,,,,
2024-12-01,416468.0,1455308.0,443170.0,20514276.0,805469.0,697868.0,,,,,,,,,,,,,,,,,,,,,,,,
2025-01-01,411811.0,1461226.0,452192.0,20462229.0,804061.0,686133.0,,,,,,,,,,,,,,,,,,,,,,,,
2025-02-01,417086.0,1454147.0,447523.0,20519769.0,795342.0,678528.0,,,,,,,,,,,,,,,,,,,,,,,,
2025-03-01,420554.0,1476145.0,416376.0,20682955.0,799833.0,685885.0,,,,,,,,,,,,,,,,,,,,,,,,
2025-04-01,419990.0,1488372.0,418412.0,20746410.0,807377.0,692656.0,,,,,,,,,,,,,,,,,,,,,,,,
2025-05-01,424360.0,1491350.0,401624.0,20755004.0,813927.0,700010.0,,,,,,,,,,,,,,,,,,,,,,,,
2025-06-01,428496.0,1499185.0,413058.0,20868365.0,813187.0,698383.0,,,,,,,,,,,,,,,,,,,,,,,,
2025-07-01,429676.0,1501097.0,401720.0,21007264.0,819409.0,700596.0,,,,,,,,,,,,,,,,,,,,,,,,
2025-08-01,436182.0,1509061.0,411210.0,21123787.0,828082.0,712192.0,,,,,,,,,,,,,,,,,,,,,,,,
2025-09-01,432100.0,1512346.0,430337.0,21202446.0,827739.0,719088.0,,,,,,,,,,,,,,,,,,,,,,,,
2025-10-01,435085.0,1512198.0,413889.0,21288128.0,833611.0,725107.0,,,,,,,,,,,,,,,,,,,,,,,,
2025-11-01,437750.0,1518359.0,427766.0,21355995.0,833602.0,721197.0,,,,,,,,,,,,,,,,,,,,,,,,
2025-12-01,438159.0,1518365.0,434130.0,21445932.0,854407.0,724596.0,,,,,,,,,,,,,,,,,,,,,,,,
2026-01-01,446165.0,1514584.0,415724.0,21525465.0,859038.0,728267.0,,,,,,,,,,,,,,,,,,,,,,,,
2026-02-01,451196.0,1522911.0,422429.0,21665077.0,850537.0,744523.0,,,,,,,,,,,,,,,,,,,,,,,,
2026-03-01,455896.0,1526367.0,503683.0,21860518.0,856019.0,751261.0,,,,,,,,,,,,,,,,,,,,,,,,
2026-04-01,,,,,,,454822.44,1534479.2525378764,500466.55055372056,21966828.72363036,863071.5821711923,755288.2842165204,460944.62,1535476.4846110893,526254.1254152602,22019513.855279267,862417.1466560414,761975.1467730759,463683.28,1531833.5772538101,543950.1332672627,21967703.609365836,854782.7841060329,754440.9501041404,454813.8,1557123.2827268657,491024.2101330711,22029072.046007164,867563.0171926904,754322.9745620326
2026-05-01,,,,,,,456276.0,1539113.943030072,508155.28712667065,22039923.40258046,867416.5617682536,762173.2813278793,461294.88,1532066.9642469175,534004.4323467035,22051841.82543371,864215.8708742905,765994.0826547708,459024.34,1536283.2458997653,545042.8912439479,22018469.737069428,861567.6714894847,754126.9716735362,450792.56,1564173.9902639207,508144.8232825288,22084980.08193899,875518.5651226266,755778.8132568228
2026-06-01,,,,,,,460265.5,1542996.7045564777,530900.7287246597,22167952.373054996,870761.1413851059,765156.3894241073,465472.5,1543078.199185573,528764.4041532198,22133287.85483755,867569.6878674859,774428.8210624305,458645.28,1537353.4142169813,549621.4777133164,22113103.751058117,866264.6926857864,754805.9641242477,455790.3,1575475.0445750474,526109.1908022575,22278017.9723633,880253.4918264864,756786.6947925736
2026-07-01,,,,,,,461514.2,1545054.5243335105,532078.8156342122,22245220.618396707,872337.0330678846,764169.3761418606,466335.78,1550787.4755414806,518650.211332004,22241227.52050119,871982.62807365,775911.2585624305,462250.88,1547922.1424208265,525574.4592925275,22241771.20662814,869400.9599638269,758780.990743049,455018.9,1575224.2481694482,486458.0035702994,22369131.691751078,882764.7334202527,756144.7580401532
2026-08-01,,,,,,,461282.8,1548925.8024472073,515766.2146424943,22213155.970213458,870102.9329712116,761213.5359149023,466891.16,1554147.6878228495,513679.56018447125,22267250.19976423,873452.2744864385,777837.2984381487,459266.25,1554310.2217721804,506164.6604507635,22225295.657206826,872737.4938582602,760559.5661732452,460111.47,1598614.8152412453,460311.5697634261,22459968.963700213,884130.1362378097,759287.2148760764
2026-09-01,,,,,,,461040.75,1545541.4033090493,504568.4656958044,22176700.645676687,866473.5088336947,758079.1320674708,470690.22,1559242.6546667134,510327.78604993975,22331535.73085721,872326.5560066696,778566.4045302758,467518.97,1564077.9087904836,520014.2386849078,22351048.038684502,872543.5401081739,766370.6284284475,462024.62,1602467.2829124243,449162.9992446908,22558790.745151088,890389.9395800064,771436.0883145105
2026-10-01,,,,,,,456149.75,1548111.9847155875,477365.6651044433,22136820.794774227,868251.4567522007,755166.3624717242,475414.3,1569903.7734278957,514770.72939124383,22440166.34323262,876555.11635933,787370.6545890077,466821.4,1562782.6421634261,532729.4149848439,22464111.085011773,879119.5898792215,769286.7095426884,460208.0,1616970.837380955,459456.4083165073,22714728.89668538,902136.3015729665,775509.475664326
2026-11-01,,,,,,,443867.44,1544602.1461694827,391447.7760619131,21947266.656111337,866724.8387102563,746023.4853292617,480063.16,1569955.6564043502,507279.23696278664,22469721.27538395,872211.4485081361,786177.351999973,469970.06,1563876.787727375,517401.03368563845,22468714.431222223,875685.7997977242,769240.4240698637,452302.4,1610701.5950957271,455016.01704070234,22718617.007321015,908291.3614855012,771677.8231758897
2026-12-01,,,,,,,444452.88,1545604.5793857425,349289.43419721257,21898500.789703026,865352.5036409961,751995.0860129644,482234.03,1574609.826257318,508223.85702652135,22535341.76330804,874312.3501676086,788760.9012071029,474994.94,1560247.859764263,503776.547073891,22518648.78548968,873809.996245338,774909.491775754,453874.06,1607609.3120146557,430553.41703196743,22785732.484293878,909109.5284511856,774206.7903350212
2027-01-01,,,,,,,438456.3,1544349.8458821208,355401.8169746073,21966663.341650557,872888.1309625541,747432.8524445607,480195.6,1570219.2406760063,502044.4008566893,22557386.85208723,875721.5713851295,785877.1879503039,472648.4,1564160.5381314517,502482.60542899277,22575184.71709907,879944.8272427309,776685.2638985673,462338.3,1659878.778853654,438245.5750377913,23045534.906865604,920365.3355838388,781757.5720399014
2027-02-01,,,,,,,438835.25,1543561.048599141,370102.23186308966,22012650.140776817,872909.1716845589,742268.4780079703,476499.44,1586206.20555493,502915.8630425899,22731354.411331415,887787.4984357404,783946.7473412794,478275.16,1566872.7872588066,504360.2282945681,22678141.781068772,880979.2012950652,782613.4862694683,462669.4,1646147.2442666644,439523.96405310265,23153407.02432011,923382.2802649484,783443.5619170923
2027-03-01,,,,,,,437176.22,1531545.5396901902,358886.51913430775,21921310.826683447,866242.8338898311,735288.4946014904,478328.94,1590062.5129409132,517177.22733360867,22819596.329472657,890123.5484593929,784094.5101646512,475359.84,1573443.2013172396,506946.5400692562,22687347.809463978,886614.5228344499,786378.9862580271,463930.88,1649659.0895150714,431685.9065193892,23150927.651213422,923995.9280468107,788727.6828008805
