category,category_key,scenario,1992-01,1992-02,1992-03,1992-04,1992-05,1992-06,1992-07,1992-08,1992-09,1992-10,1992-11,1992-12,1993-01,1993-02,1993-03,1993-04,1993-05,1993-06,1993-07,1993-08,1993-09,1993-10,1993-11,1993-12,1994-01,1994-02,1994-03,1994-04,1994-05,1994-06,1994-07,1994-08,1994-09,1994-10,1994-11,1994-12,1995-01,1995-02,1995-03,1995-04,1995-05,1995-06,1995-07,1995-08,1995-09,1995-10,1995-11,1995-12,1996-01,1996-02,1996-03,1996-04,1996-05,1996-06,1996-07,1996-08,1996-09,1996-10,1996-11,1996-12,1997-01,1997-02,1997-03,1997-04,1997-05,1997-06,1997-07,1997-08,1997-09,1997-10,1997-11,1997-12,1998-01,1998-02,1998-03,1998-04,1998-05,1998-06,1998-07,1998-08,1998-09,1998-10,1998-11,1998-12,1999-01,1999-02,1999-03,1999-04,1999-05,1999-06,1999-07,1999-08,1999-09,1999-10,1999-11,1999-12,2000-01,2000-02,2000-03,2000-04,2000-05,2000-06,2000-07,2000-08,2000-09,2000-10,2000-11,2000-12,2001-01,2001-02,2001-03,2001-04,2001-05,2001-06,2001-07,2001-08,2001-09,2001-10,2001-11,2001-12,2002-01,2002-02,2002-03,2002-04,2002-05,2002-06,2002-07,2002-08,2002-09,2002-10,2002-11,2002-12,2003-01,2003-02,2003-03,2003-04,2003-05,2003-06,2003-07,2003-08,2003-09,2003-10,2003-11,2003-12,2004-01,2004-02,2004-03,2004-04,2004-05,2004-06,2004-07,2004-08,2004-09,2004-10,2004-11,2004-12,2005-01,2005-02,2005-03,2005-04,2005-05,2005-06,2005-07,2005-08,2005-09,2005-10,2005-11,2005-12,2006-01,2006-02,2006-03,2006-04,2006-05,2006-06,2006-07,2006-08,2006-09,2006-10,2006-11,2006-12,2007-01,2007-02,2007-03,2007-04,2007-05,2007-06,2007-07,2007-08,2007-09,2007-10,2007-11,2007-12,2008-01,2008-02,2008-03,2008-04,2008-05,2008-06,2008-07,2008-08,2008-09,2008-10,2008-11,2008-12,2009-01,2009-02,2009-03,2009-04,2009-05,2009-06,2009-07,2009-08,2009-09,2009-10,2009-11,2009-12,2010-01,2010-02,2010-03,2010-04,2010-05,2010-06,2010-07,2010-08,2010-09,2010-10,2010-11,2010-12,2011-01,2011-02,2011-03,2011-04,2011-05,2011-06,2011-07,2011-08,2011-09,2011-10,2011-11,2011-12,2012-01,2012-02,2012-03,2012-04,2012-05,2012-06,2012-07,2012-08,2012-09,2012-10,2012-11,2012-12,2013-01,2013-02,2013-03,2013-04,2013-05,2013-06,2013-07,2013-08,2013-09,2013-10,2013-11,2013-12,2014-01,2014-02,2014-03,2014-04,2014-05,2014-06,2014-07,2014-08,2014-09,2014-10,2014-11,2014-12,2015-01,2015-02,2015-03,2015-04,2015-05,2015-06,2015-07,2015-08,2015-09,2015-10,2015-11,2015-12,2016-01,2016-02,2016-03,2016-04,2016-05,2016-06,2016-07,2016-08,2016-09,2016-10,2016-11,2016-12,2017-01,2017-02,2017-03,2017-04,2017-05,2017-06,2017-07,2017-08,2017-09,2017-10,2017-11,2017-12,2018-01,2018-02,2018-03,2018-04,2018-05,2018-06,2018-07,2018-08,2018-09,2018-10,2018-11,2018-12,2019-01,2019-02,2019-03,2019-04,2019-05,2019-06,2019-07,2019-08,2019-09,2019-10,2019-11,2019-12,2020-01,2020-02,2020-03,2020-04,2020-05,2020-06,2020-07,2020-08,2020-09,2020-10,2020-11,2020-12,2021-01,2021-02,2021-03,2021-04,2021-05,2021-06,2021-07,2021-08,2021-09,2021-10,2021-11,2021-12,2022-01,2022-02,2022-03,2022-04,2022-05,2022-06,2022-07,2022-08,2022-09,2022-10,2022-11,2022-12,2023-01,2023-02,2023-03,2023-04,2023-05,2023-06,2023-07,2023-08,2023-09,2023-10,2023-11,2023-12,2024-01,2024-02,2024-03,2024-04,2024-05,2024-06,2024-07,2024-08,2024-09,2024-10,2024-11,2024-12,2025-01,2025-02,2025-03,2025-04,2025-05,2025-06,2025-07,2025-08,2025-09,2025-10,2025-11,2025-12,2026-01,2026-02,2026-03,2026-04,2026-05,2026-06,2026-07,2026-08,2026-09,2026-10,2026-11,2026-12,2027-01,2027-02,2027-03
    Food services and accommodations,DFSARC,Historical Baseline,284955.0,285438.0,284833.0,281367.0,282989.0,277513.0,280546.0,285499.0,286712.0,292144.0,296843.0,296909.0,295499.0,293272.0,291386.0,296230.0,297136.0,299387.0,298674.0,301341.0,304517.0,301144.0,301069.0,301215.0,293170.0,304637.0,307644.0,306181.0,306404.0,310069.0,311988.0,309309.0,311215.0,312059.0,312666.0,314237.0,313924.0,309768.0,312869.0,315517.0,316032.0,315350.0,316573.0,318199.0,318931.0,318496.0,318577.0,319402.0,317822.0,319499.0,323589.0,323679.0,325581.0,325141.0,327007.0,327131.0,328806.0,331340.0,334641.0,334455.0,338446.0,339094.0,339354.0,340677.0,339982.0,342213.0,345207.0,347277.0,347265.0,346074.0,345064.0,350476.0,351843.0,352930.0,354249.0,357531.0,359497.0,361960.0,360620.0,361936.0,366794.0,369354.0,370532.0,374789.0,369804.0,373221.0,372713.0,376148.0,376716.0,377012.0,378150.0,379233.0,384831.0,390197.0,392617.0,393326.0,397202.0,400160.0,407475.0,406270.0,407252.0,409451.0,410880.0,409878.0,416389.0,415873.0,415694.0,408851.0,421949.0,418640.0,418522.0,416312.0,419132.0,420837.0,420815.0,426326.0,411328.0,415826.0,418440.0,427840.0,428968.0,432426.0,429849.0,435473.0,433766.0,436910.0,437799.0,438144.0,439844.0,437652.0,440897.0,443999.0,444567.0,444501.0,450041.0,450465.0,459169.0,463287.0,466313.0,472320.0,468155.0,476289.0,479688.0,477797.0,482180.0,484055.0,491304.0,490893.0,493665.0,494751.0,501213.0,499980.0,506588.0,508658.0,509163.0,516301.0,515964.0,523076.0,521829.0,528354.0,529066.0,533154.0,534885.0,536289.0,538153.0,541910.0,550292.0,550618.0,565088.0,557894.0,562352.0,563501.0,564286.0,564675.0,564909.0,571554.0,577745.0,578728.0,582005.0,594462.0,588296.0,584693.0,592822.0,592674.0,596983.0,601054.0,601220.0,605920.0,606980.0,612485.0,612963.0,621888.0,616072.0,608551.0,615426.0,617960.0,622243.0,623640.0,623508.0,625755.0,623350.0,623196.0,621590.0,620534.0,618998.0,616884.0,608560.0,612653.0,611585.0,609479.0,611341.0,611971.0,609049.0,610648.0,614412.0,616678.0,615955.0,625227.0,627574.0,632226.0,633131.0,635076.0,637019.0,641796.0,642521.0,645360.0,647829.0,644335.0,645917.0,657272.0,660694.0,659495.0,666103.0,670018.0,672051.0,675568.0,681210.0,682051.0,683544.0,679653.0,689435.0,691936.0,694621.0,701185.0,699884.0,704063.0,706487.0,707355.0,712129.0,711563.0,717977.0,722498.0,729883.0,726724.0,728432.0,723647.0,725870.0,726144.0,730926.0,731942.0,732986.0,739267.0,748738.0,747224.0,743179.0,750866.0,759522.0,763768.0,769701.0,772839.0,778170.0,784920.0,789274.0,798888.0,798355.0,812248.0,815091.0,813630.0,820524.0,827958.0,831707.0,831045.0,833679.0,836512.0,840176.0,846143.0,845381.0,858394.0,849831.0,865406.0,862883.0,865192.0,863857.0,864833.0,867087.0,872938.0,882103.0,879833.0,892736.0,879565.0,905257.0,903331.0,905411.0,905525.0,906391.0,905527.0,904683.0,913075.0,921578.0,922435.0,929895.0,935676.0,935511.0,939212.0,949005.0,939211.0,957402.0,968475.0,975278.0,978615.0,965303.0,974598.0,973616.0,972162.0,974744.0,978666.0,985728.0,989756.0,996894.0,1005168.0,1011506.0,1013799.0,1021464.0,1027443.0,1029990.0,1041549.0,1050263.0,1047194.0,755934.0,496610.0,633298.0,780006.0,815539.0,867013.0,886616.0,883146.0,851030.0,820831.0,880851.0,860916.0,967740.0,1006029.0,1035589.0,1079801.0,1108708.0,1115078.0,1119337.0,1123327.0,1142298.0,1140078.0,1108181.0,1154887.0,1190727.0,1225071.0,1236499.0,1248847.0,1245590.0,1275316.0,1280072.0,1295289.0,1288594.0,1281227.0,1347846.0,1326928.0,1331011.0,1333223.0,1345202.0,1354047.0,1363967.0,1368625.0,1385172.0,1386750.0,1400958.0,1406041.0,1403602.0,1415025.0,1411026.0,1413310.0,1419202.0,1422055.0,1426866.0,1432837.0,1440868.0,1450209.0,1457275.0,1455308.0,1461226.0,1454147.0,1476145.0,1488372.0,1491350.0,1499185.0,1501097.0,1509061.0,1512346.0,1512198.0,1518359.0,1518365.0,1514584.0,1522911.0,1526367.0,,,,,,,,,,,,
    Food services and accommodations,DFSARC,2008-Mar,,,,,,,,,,,,,,,,,,,,,,,,,,,,,,,,,,,,,,,,,,,,,,,,,,,,,,,,,,,,,,,,,,,,,,,,,,,,,,,,,,,,,,,,,,,,,,,,,,,,,,,,,,,,,,,,,,,,,,,,,,,,,,,,,,,,,,,,,,,,,,,,,,,,,,,,,,,,,,,,,,,,,,,,,,,,,,,,,,,,,,,,,,,,,,,,,,,,,,,,,,,,,,,,,,,,,,,,,,,,,,,,,,,,,,,,,,,,,,,,,,,,,,,,,,,,,,,,,,,,,,,,,,,,,,,,,,,,,,,,,,,,,,,,,,,,,,,,,,,,,,,,,,,,,,,,,,,,,,,,,,,,,,,,,,,,,,,,,,,,,,,,,,,,,,,,,,,,,,,,,,,,,,,,,,,,,,,,,,,,,,,,,,,,,,,,,,,,,,,,,,,,,,,,,,,,1534479.2525378764,1539113.943030072,1542996.7045564777,1545054.5243335105,1548925.8024472073,1545541.4033090493,1548111.9847155875,1544602.1461694827,1545604.5793857425,1544349.8458821208,1543561.048599141,1531545.5396901902
    Food services and accommodations,DFSARC,2011-Feb,,,,,,,,,,,,,,,,,,,,,,,,,,,,,,,,,,,,,,,,,,,,,,,,,,,,,,,,,,,,,,,,,,,,,,,,,,,,,,,,,,,,,,,,,,,,,,,,,,,,,,,,,,,,,,,,,,,,,,,,,,,,,,,,,,,,,,,,,,,,,,,,,,,,,,,,,,,,,,,,,,,,,,,,,,,,,,,,,,,,,,,,,,,,,,,,,,,,,,,,,,,,,,,,,,,,,,,,,,,,,,,,,,,,,,,,,,,,,,,,,,,,,,,,,,,,,,,,,,,,,,,,,,,,,,,,,,,,,,,,,,,,,,,,,,,,,,,,,,,,,,,,,,,,,,,,,,,,,,,,,,,,,,,,,,,,,,,,,,,,,,,,,,,,,,,,,,,,,,,,,,,,,,,,,,,,,,,,,,,,,,,,,,,,,,,,,,,,,,,,,,,,,,,,,,,,1535476.4846110893,1532066.9642469175,1543078.199185573,1550787.4755414806,1554147.6878228495,1559242.6546667134,1569903.7734278957,1569955.6564043502,1574609.826257318,1570219.2406760063,1586206.20555493,1590062.5129409132
    Food services and accommodations,DFSARC,2012-Jul,,,,,,,,,,,,,,,,,,,,,,,,,,,,,,,,,,,,,,,,,,,,,,,,,,,,,,,,,,,,,,,,,,,,,,,,,,,,,,,,,,,,,,,,,,,,,,,,,,,,,,,,,,,,,,,,,,,,,,,,,,,,,,,,,,,,,,,,,,,,,,,,,,,,,,,,,,,,,,,,,,,,,,,,,,,,,,,,,,,,,,,,,,,,,,,,,,,,,,,,,,,,,,,,,,,,,,,,,,,,,,,,,,,,,,,,,,,,,,,,,,,,,,,,,,,,,,,,,,,,,,,,,,,,,,,,,,,,,,,,,,,,,,,,,,,,,,,,,,,,,,,,,,,,,,,,,,,,,,,,,,,,,,,,,,,,,,,,,,,,,,,,,,,,,,,,,,,,,,,,,,,,,,,,,,,,,,,,,,,,,,,,,,,,,,,,,,,,,,,,,,,,,,,,,,,,1531833.5772538101,1536283.2458997653,1537353.4142169813,1547922.1424208265,1554310.2217721804,1564077.9087904836,1562782.6421634261,1563876.787727375,1560247.859764263,1564160.5381314517,1566872.7872588066,1573443.2013172396
    Food services and accommodations,DFSARC,2022-Mar,,,,,,,,,,,,,,,,,,,,,,,,,,,,,,,,,,,,,,,,,,,,,,,,,,,,,,,,,,,,,,,,,,,,,,,,,,,,,,,,,,,,,,,,,,,,,,,,,,,,,,,,,,,,,,,,,,,,,,,,,,,,,,,,,,,,,,,,,,,,,,,,,,,,,,,,,,,,,,,,,,,,,,,,,,,,,,,,,,,,,,,,,,,,,,,,,,,,,,,,,,,,,,,,,,,,,,,,,,,,,,,,,,,,,,,,,,,,,,,,,,,,,,,,,,,,,,,,,,,,,,,,,,,,,,,,,,,,,,,,,,,,,,,,,,,,,,,,,,,,,,,,,,,,,,,,,,,,,,,,,,,,,,,,,,,,,,,,,,,,,,,,,,,,,,,,,,,,,,,,,,,,,,,,,,,,,,,,,,,,,,,,,,,,,,,,,,,,,,,,,,,,,,,,,,,,1557123.2827268657,1564173.9902639207,1575475.0445750474,1575224.2481694482,1598614.8152412453,1602467.2829124243,1616970.837380955,1610701.5950957271,1607609.3120146557,1659878.778853654,1646147.2442666644,1649659.0895150714
  Market-based PCE gasoline and other energy goods,DGOERC,Historical Baseline,120816.0,117271.0,122232.0,122862.0,124918.0,124520.0,126837.0,125924.0,127785.0,127611.0,128674.0,130644.0,126126.0,130112.0,129698.0,127222.0,128386.0,123721.0,124009.0,126165.0,124993.0,127759.0,128587.0,125809.0,129009.0,128872.0,124233.0,124997.0,124143.0,125328.0,130103.0,134400.0,132198.0,132331.0,129936.0,135217.0,133839.0,136054.0,133692.0,133800.0,135913.0,137554.0,134539.0,132631.0,130675.0,130087.0,130273.0,131797.0,137485.0,135494.0,144308.0,148121.0,148926.0,146458.0,145081.0,143991.0,141309.0,146438.0,148561.0,150771.0,150412.0,153855.0,152219.0,147662.0,141925.0,143390.0,143161.0,146867.0,149410.0,147764.0,148992.0,146278.0,140870.0,135432.0,132184.0,130205.0,131498.0,133585.0,133613.0,131833.0,130722.0,131253.0,129816.0,127245.0,125931.0,125023.0,128007.0,144582.0,143906.0,143978.0,149634.0,153082.0,157491.0,162065.0,154843.0,169997.0,164788.0,172637.0,187245.0,180173.0,179631.0,190955.0,190402.0,183267.0,194393.0,190548.0,186953.0,193195.0,190304.0,186229.0,181036.0,185296.0,197473.0,188221.0,180519.0,171689.0,187244.0,168594.0,154663.0,144562.0,144595.0,146631.0,155574.0,165593.0,169409.0,171264.0,170951.0,175062.0,174134.0,178962.0,181078.0,181544.0,195716.0,212958.0,211442.0,192260.0,172609.0,175143.0,179219.0,201539.0,211303.0,200100.0,200711.0,203940.0,218250.0,217497.0,220964.0,214656.0,226756.0,232498.0,228333.0,231167.0,232967.0,252877.0,261547.0,255277.0,251221.0,255855.0,258088.0,268541.0,254694.0,252080.0,279504.0,306700.0,349571.0,341429.0,294260.0,293296.0,309280.0,305014.0,298772.0,324935.0,328504.0,329241.0,361021.0,362134.0,324445.0,294350.0,287633.0,310469.0,301957.0,310856.0,323001.0,336754.0,343974.0,344089.0,353508.0,337468.0,356547.0,354592.0,385797.0,398015.0,391639.0,384808.0,410462.0,398837.0,413023.0,451600.0,460497.0,444013.0,432058.0,396982.0,282406.0,226741.0,235365.0,256556.0,241945.0,243206.0,253141.0,299027.0,297472.0,314761.0,314406.0,322373.0,333469.0,332608.0,339262.0,326808.0,323227.0,328899.0,321684.0,317691.0,324339.0,328263.0,337061.0,352100.0,358359.0,382918.0,384081.0,389417.0,411617.0,425155.0,425693.0,419583.0,418559.0,417327.0,424827.0,417183.0,419913.0,412256.0,414541.0,433508.0,429283.0,431433.0,419568.0,399899.0,386644.0,431326.0,436250.0,449346.0,425454.0,405964.0,426748.0,444778.0,427162.0,411233.0,409881.0,413437.0,417332.0,422012.0,418420.0,415896.0,426728.0,425853.0,432859.0,433914.0,420046.0,431287.0,421854.0,418833.0,423562.0,420044.0,399556.0,400434.0,380519.0,347978.0,301242.0,315271.0,323428.0,318413.0,338074.0,343543.0,347082.0,339515.0,307696.0,303045.0,299756.0,288491.0,276379.0,251725.0,272088.0,282137.0,288403.0,299105.0,285267.0,281641.0,292881.0,295575.0,301715.0,317262.0,320697.0,326138.0,323209.0,320047.0,306410.0,303173.0,296322.0,312289.0,346861.0,333501.0,344363.0,354783.0,362083.0,355165.0,360021.0,362521.0,369468.0,374784.0,369963.0,376823.0,376831.0,381243.0,363429.0,347773.0,324018.0,339668.0,353614.0,376346.0,366618.0,354295.0,353303.0,352892.0,344001.0,348967.0,356285.0,360133.0,356800.0,336155.0,262133.0,165539.0,191076.0,235011.0,247134.0,255669.0,269257.0,257940.0,253623.0,271163.0,297365.0,312310.0,350501.0,350465.0,364521.0,390380.0,396363.0,399503.0,410632.0,430269.0,461969.0,464633.0,456656.0,487462.0,556676.0,523517.0,560130.0,603642.0,540500.0,500030.0,483907.0,505405.0,500098.0,457200.0,471806.0,475822.0,462228.0,466911.0,443233.0,455943.0,441693.0,477243.0,492161.0,481288.0,458072.0,452366.0,439932.0,436456.0,455630.0,464471.0,460596.0,438423.0,445023.0,433492.0,430833.0,422138.0,416151.0,443170.0,452192.0,447523.0,416376.0,418412.0,401624.0,413058.0,401720.0,411210.0,430337.0,413889.0,427766.0,434130.0,415724.0,422429.0,503683.0,,,,,,,,,,,,
  Market-based PCE gasoline and other energy goods,DGOERC,2008-Mar,,,,,,,,,,,,,,,,,,,,,,,,,,,,,,,,,,,,,,,,,,,,,,,,,,,,,,,,,,,,,,,,,,,,,,,,,,,,,,,,,,,,,,,,,,,,,,,,,,,,,,,,,,,,,,,,,,,,,,,,,,,,,,,,,,,,,,,,,,,,,,,,,,,,,,,,,,,,,,,,,,,,,,,,,,,,,,,,,,,,,,,,,,,,,,,,,,,,,,,,,,,,,,,,,,,,,,,,,,,,,,,,,,,,,,,,,,,,,,,,,,,,,,,,,,,,,,,,,,,,,,,,,,,,,,,,,,,,,,,,,,,,,,,,,,,,,,,,,,,,,,,,,,,,,,,,,,,,,,,,,,,,,,,,,,,,,,,,,,,,,,,,,,,,,,,,,,,,,,,,,,,,,,,,,,,,,,,,,,,,,,,,,,,,,,,,,,,,,,,,,,,,,,,,,,,,500466.55055372056,508155.28712667065,530900.7287246597,532078.8156342122,515766.2146424943,504568.4656958044,477365.6651044433,391447.7760619131,349289.43419721257,355401.8169746073,370102.23186308966,358886.51913430775
  Market-based PCE gasoline and other energy goods,DGOERC,2011-Feb,,,,,,,,,,,,,,,,,,,,,,,,,,,,,,,,,,,,,,,,,,,,,,,,,,,,,,,,,,,,,,,,,,,,,,,,,,,,,,,,,,,,,,,,,,,,,,,,,,,,,,,,,,,,,,,,,,,,,,,,,,,,,,,,,,,,,,,,,,,,,,,,,,,,,,,,,,,,,,,,,,,,,,,,,,,,,,,,,,,,,,,,,,,,,,,,,,,,,,,,,,,,,,,,,,,,,,,,,,,,,,,,,,,,,,,,,,,,,,,,,,,,,,,,,,,,,,,,,,,,,,,,,,,,,,,,,,,,,,,,,,,,,,,,,,,,,,,,,,,,,,,,,,,,,,,,,,,,,,,,,,,,,,,,,,,,,,,,,,,,,,,,,,,,,,,,,,,,,,,,,,,,,,,,,,,,,,,,,,,,,,,,,,,,,,,,,,,,,,,,,,,,,,,,,,,,526254.1254152602,534004.4323467035,528764.4041532198,518650.211332004,513679.56018447125,510327.78604993975,514770.72939124383,507279.23696278664,508223.85702652135,502044.4008566893,502915.8630425899,517177.22733360867
  Market-based PCE gasoline and other energy goods,DGOERC,2012-Jul,,,,,,,,,,,,,,,,,,,,,,,,,,,,,,,,,,,,,,,,,,,,,,,,,,,,,,,,,,,,,,,,,,,,,,,,,,,,,,,,,,,,,,,,,,,,,,,,,,,,,,,,,,,,,,,,,,,,,,,,,,,,,,,,,,,,,,,,,,,,,,,,,,,,,,,,,,,,,,,,,,,,,,,,,,,,,,,,,,,,,,,,,,,,,,,,,,,,,,,,,,,,,,,,,,,,,,,,,,,,,,,,,,,,,,,,,,,,,,,,,,,,,,,,,,,,,,,,,,,,,,,,,,,,,,,,,,,,,,,,,,,,,,,,,,,,,,,,,,,,,,,,,,,,,,,,,,,,,,,,,,,,,,,,,,,,,,,,,,,,,,,,,,,,,,,,,,,,,,,,,,,,,,,,,,,,,,,,,,,,,,,,,,,,,,,,,,,,,,,,,,,,,,,,,,,,543950.1332672627,545042.8912439479,549621.4777133164,525574.4592925275,506164.6604507635,520014.2386849078,532729.4149848439,517401.03368563845,503776.547073891,502482.60542899277,504360.2282945681,506946.5400692562
  Market-based PCE gasoline and other energy goods,DGOERC,2022-Mar,,,,,,,,,,,,,,,,,,,,,,,,,,,,,,,,,,,,,,,,,,,,,,,,,,,,,,,,,,,,,,,,,,,,,,,,,,,,,,,,,,,,,,,,,,,,,,,,,,,,,,,,,,,,,,,,,,,,,,,,,,,,,,,,,,,,,,,,,,,,,,,,,,,,,,,,,,,,,,,,,,,,,,,,,,,,,,,,,,,,,,,,,,,,,,,,,,,,,,,,,,,,,,,,,,,,,,,,,,,,,,,,,,,,,,,,,,,,,,,,,,,,,,,,,,,,,,,,,,,,,,,,,,,,,,,,,,,,,,,,,,,,,,,,,,,,,,,,,,,,,,,,,,,,,,,,,,,,,,,,,,,,,,,,,,,,,,,,,,,,,,,,,,,,,,,,,,,,,,,,,,,,,,,,,,,,,,,,,,,,,,,,,,,,,,,,,,,,,,,,,,,,,,,,,,,,491024.2101330711,508144.8232825288,526109.1908022575,486458.0035702994,460311.5697634261,449162.9992446908,459456.4083165073,455016.01704070234,430553.41703196743,438245.5750377913,439523.96405310265,431685.9065193892
      Personal consumption expenditures,DPCERC,Historical Baseline,4084653.0,4099539.0,4117009.0,4131544.0,4158382.0,4177056.0,4204795.0,4220850.0,4255267.0,4284729.0,4300488.0,4336398.0,4340707.0,4355340.0,4352498.0,4393413.0,4422366.0,4439965.0,4468940.0,4481096.0,4511530.0,4532758.0,4554053.0,4571141.0,4585136.0,4632580.0,4645953.0,4671080.0,4669499.0,4708909.0,4720620.0,4762623.0,4775041.0,4812888.0,4825640.0,4841610.0,4851170.0,4850763.0,4885374.0,4890197.0,4933127.0,4977503.0,4970175.0,5005318.0,5020492.0,5013903.0,5055565.0,5097498.0,5085738.0,5132843.0,5173265.0,5207961.0,5223759.0,5229777.0,5251905.0,5275019.0,5296591.0,5328454.0,5351191.0,5378645.0,5411132.0,5433958.0,5454224.0,5459332.0,5460234.0,5494236.0,5548827.0,5587042.0,5601667.0,5637666.0,5661056.0,5692107.0,5689906.0,5723833.0,5750287.0,5788053.0,5837943.0,5871702.0,5889962.0,5924994.0,5965584.0,5998823.0,6015365.0,6070526.0,6073864.0,6099229.0,6133027.0,6199523.0,6232102.0,6260300.0,6287552.0,6331887.0,6386490.0,6411379.0,6448690.0,6541049.0,6542870.0,6625259.0,6686521.0,6679067.0,6709732.0,6746933.0,6768501.0,6802846.0,6888604.0,6893798.0,6909824.0,6952196.0,6987401.0,7001834.0,6996658.0,7004240.0,7052781.0,7069728.0,7082297.0,7121688.0,7007024.0,7212903.0,7182323.0,7166733.0,7184624.0,7225161.0,7243358.0,7312466.0,7288903.0,7322496.0,7387293.0,7412576.0,7391538.0,7435169.0,7463805.0,7519901.0,7541283.0,7548649.0,7611549.0,7634487.0,7650333.0,7699554.0,7757004.0,7852102.0,7853674.0,7867359.0,7922591.0,7950409.0,8007115.0,8040409.0,8098806.0,8107245.0,8176470.0,8157607.0,8236938.0,8271607.0,8341461.0,8397056.0,8444456.0,8504351.0,8497691.0,8559081.0,8598432.0,8678413.0,8671645.0,8753379.0,8853777.0,8850108.0,8900382.0,8938497.0,8946242.0,8981147.0,9071617.0,9095989.0,9132854.0,9191586.0,9231759.0,9259602.0,9343801.0,9342154.0,9375362.0,9393623.0,9400206.0,9488275.0,9538721.0,9565960.0,9611732.0,9643571.0,9685806.0,9706762.0,9751141.0,9798937.0,9845072.0,9882702.0,9955924.0,9972793.0,9996400.0,9981672.0,10035263.0,10070270.0,10132271.0,10187065.0,10185092.0,10175729.0,10116413.0,10034123.0,9885231.0,9801472.0,9847249.0,9824478.0,9773181.0,9772523.0,9791553.0,9852431.0,9886264.0,10004129.0,9927825.0,9976733.0,9985676.0,10052579.0,10056058.0,10093426.0,10155982.0,10182287.0,10210816.0,10231332.0,10268126.0,10307070.0,10327066.0,10386366.0,10433573.0,10470972.0,10514256.0,10540610.0,10619719.0,10652081.0,10672199.0,10694775.0,10731621.0,10750276.0,10783189.0,10802881.0,10806828.0,10817849.0,10896780.0,10987216.0,10993908.0,11018538.0,11006796.0,10989830.0,11016846.0,11056012.0,11105323.0,11137427.0,11178433.0,11181248.0,11252374.0,11290497.0,11290121.0,11281071.0,11321560.0,11344413.0,11372550.0,11406597.0,11445929.0,11498041.0,11562480.0,11593168.0,11578798.0,11636889.0,11722315.0,11762305.0,11807312.0,11861735.0,11904353.0,11983661.0,11991354.0,12064692.0,12083888.0,12096102.0,12066664.0,12116561.0,12176065.0,12209081.0,12275406.0,12307934.0,12364885.0,12396189.0,12386409.0,12394909.0,12423153.0,12451998.0,12477959.0,12554520.0,12536989.0,12611453.0,12652685.0,12731235.0,12756654.0,12788079.0,12846646.0,12867030.0,12893010.0,13005926.0,13063650.0,13088383.0,13139886.0,13169177.0,13171862.0,13225151.0,13263299.0,13294640.0,13417255.0,13447486.0,13540626.0,13666091.0,13703270.0,13738737.0,13793215.0,13838421.0,13905023.0,13930438.0,13974828.0,14013992.0,14017778.0,14083061.0,14162941.0,14051596.0,14084585.0,14117418.0,14248569.0,14289984.0,14353322.0,14408679.0,14495969.0,14558244.0,14590632.0,14617397.0,14710955.0,14774762.0,14868334.0,14828146.0,13812814.0,12249167.0,13281510.0,14049214.0,14307240.0,14462235.0,14668142.0,14725760.0,14701645.0,14822032.0,15073011.0,14983501.0,15709722.0,15917545.0,15973499.0,16191662.0,16239708.0,16412912.0,16489569.0,16704232.0,16849832.0,16890989.0,16993756.0,17106023.0,17347210.0,17490045.0,17574491.0,17755188.0,17770089.0,17916450.0,17992828.0,18109562.0,18108024.0,18116497.0,18449085.0,18491570.0,18520420.0,18641787.0,18664600.0,18772996.0,18884215.0,18953262.0,19048067.0,19109352.0,19178922.0,19283525.0,19303276.0,19446475.0,19581752.0,19665702.0,19758028.0,19844548.0,19949519.0,20001295.0,20147639.0,20226006.0,20313595.0,20514276.0,20462229.0,20519769.0,20682955.0,20746410.0,20755004.0,20868365.0,21007264.0,21123787.0,21202446.0,21288128.0,21355995.0,21445932.0,21525465.0,21665077.0,21860518.0,,,,,,,,,,,,
      Personal consumption expenditures,DPCERC,2008-Mar,,,,,,,,,,,,,,,,,,,,,,,,,,,,,,,,,,,,,,,,,,,,,,,,,,,,,,,,,,,,,,,,,,,,,,,,,,,,,,,,,,,,,,,,,,,,,,,,,,,,,,,,,,,,,,,,,,,,,,,,,,,,,,,,,,,,,,,,,,,,,,,,,,,,,,,,,,,,,,,,,,,,,,,,,,,,,,,,,,,,,,,,,,,,,,,,,,,,,,,,,,,,,,,,,,,,,,,,,,,,,,,,,,,,,,,,,,,,,,,,,,,,,,,,,,,,,,,,,,,,,,,,,,,,,,,,,,,,,,,,,,,,,,,,,,,,,,,,,,,,,,,,,,,,,,,,,,,,,,,,,,,,,,,,,,,,,,,,,,,,,,,,,,,,,,,,,,,,,,,,,,,,,,,,,,,,,,,,,,,,,,,,,,,,,,,,,,,,,,,,,,,,,,,,,,,,21966828.72363036,22039923.40258046,22167952.373054996,22245220.618396707,22213155.970213458,22176700.645676687,22136820.794774227,21947266.656111337,21898500.789703026,21966663.341650557,22012650.140776817,21921310.826683447
      Personal consumption expenditures,DPCERC,2011-Feb,,,,,,,,,,,,,,,,,,,,,,,,,,,,,,,,,,,,,,,,,,,,,,,,,,,,,,,,,,,,,,,,,,,,,,,,,,,,,,,,,,,,,,,,,,,,,,,,,,,,,,,,,,,,,,,,,,,,,,,,,,,,,,,,,,,,,,,,,,,,,,,,,,,,,,,,,,,,,,,,,,,,,,,,,,,,,,,,,,,,,,,,,,,,,,,,,,,,,,,,,,,,,,,,,,,,,,,,,,,,,,,,,,,,,,,,,,,,,,,,,,,,,,,,,,,,,,,,,,,,,,,,,,,,,,,,,,,,,,,,,,,,,,,,,,,,,,,,,,,,,,,,,,,,,,,,,,,,,,,,,,,,,,,,,,,,,,,,,,,,,,,,,,,,,,,,,,,,,,,,,,,,,,,,,,,,,,,,,,,,,,,,,,,,,,,,,,,,,,,,,,,,,,,,,,,,22019513.855279267,22051841.82543371,22133287.85483755,22241227.52050119,22267250.19976423,22331535.73085721,22440166.34323262,22469721.27538395,22535341.76330804,22557386.85208723,22731354.411331415,22819596.329472657
      Personal consumption expenditures,DPCERC,2012-Jul,,,,,,,,,,,,,,,,,,,,,,,,,,,,,,,,,,,,,,,,,,,,,,,,,,,,,,,,,,,,,,,,,,,,,,,,,,,,,,,,,,,,,,,,,,,,,,,,,,,,,,,,,,,,,,,,,,,,,,,,,,,,,,,,,,,,,,,,,,,,,,,,,,,,,,,,,,,,,,,,,,,,,,,,,,,,,,,,,,,,,,,,,,,,,,,,,,,,,,,,,,,,,,,,,,,,,,,,,,,,,,,,,,,,,,,,,,,,,,,,,,,,,,,,,,,,,,,,,,,,,,,,,,,,,,,,,,,,,,,,,,,,,,,,,,,,,,,,,,,,,,,,,,,,,,,,,,,,,,,,,,,,,,,,,,,,,,,,,,,,,,,,,,,,,,,,,,,,,,,,,,,,,,,,,,,,,,,,,,,,,,,,,,,,,,,,,,,,,,,,,,,,,,,,,,,,21967703.609365836,22018469.737069428,22113103.751058117,22241771.20662814,22225295.657206826,22351048.038684502,22464111.085011773,22468714.431222223,22518648.78548968,22575184.71709907,22678141.781068772,22687347.809463978
      Personal consumption expenditures,DPCERC,2022-Mar,,,,,,,,,,,,,,,,,,,,,,,,,,,,,,,,,,,,,,,,,,,,,,,,,,,,,,,,,,,,,,,,,,,,,,,,,,,,,,,,,,,,,,,,,,,,,,,,,,,,,,,,,,,,,,,,,,,,,,,,,,,,,,,,,,,,,,,,,,,,,,,,,,,,,,,,,,,,,,,,,,,,,,,,,,,,,,,,,,,,,,,,,,,,,,,,,,,,,,,,,,,,,,,,,,,,,,,,,,,,,,,,,,,,,,,,,,,,,,,,,,,,,,,,,,,,,,,,,,,,,,,,,,,,,,,,,,,,,,,,,,,,,,,,,,,,,,,,,,,,,,,,,,,,,,,,,,,,,,,,,,,,,,,,,,,,,,,,,,,,,,,,,,,,,,,,,,,,,,,,,,,,,,,,,,,,,,,,,,,,,,,,,,,,,,,,,,,,,,,,,,,,,,,,,,,,22029072.046007164,22084980.08193899,22278017.9723633,22369131.691751078,22459968.963700213,22558790.745151088,22714728.89668538,22718617.007321015,22785732.484293878,23045534.906865604,23153407.02432011,23150927.651213422
    Recreation services,DRCARC,Historical Baseline,133807.0,134996.0,136412.0,137024.0,138989.0,139022.0,140151.0,140956.0,142046.0,143482.0,144994.0,145723.0,147247.0,147711.0,148729.0,151375.0,150640.0,152531.0,154937.0,156388.0,157047.0,157989.0,157333.0,158577.0,159500.0,160563.0,161622.0,161949.0,162708.0,164680.0,166944.0,166286.0,166023.0,166846.0,169005.0,169791.0,171560.0,173236.0,176260.0,176590.0,180438.0,181758.0,181241.0,183912.0,184729.0,186003.0,188600.0,188775.0,187848.0,189602.0,191968.0,191878.0,193149.0,195819.0,200075.0,197100.0,197876.0,199468.0,200060.0,202153.0,202041.0,205439.0,204992.0,206589.0,208002.0,207390.0,208754.0,210064.0,209696.0,212088.0,211491.0,213259.0,216575.0,215670.0,216742.0,217461.0,217252.0,218392.0,220139.0,222159.0,222450.0,224178.0,225067.0,226366.0,226967.0,228882.0,231135.0,234057.0,233970.0,236276.0,238640.0,241122.0,245305.0,245374.0,247376.0,247560.0,246052.0,249103.0,252564.0,252812.0,252812.0,253832.0,258232.0,256093.0,256724.0,257506.0,259192.0,257759.0,263733.0,261147.0,261768.0,261630.0,262965.0,261272.0,262741.0,264041.0,258323.0,260791.0,264097.0,264974.0,266147.0,266508.0,267060.0,270641.0,270467.0,267913.0,270435.0,271715.0,274227.0,276003.0,275769.0,279951.0,278643.0,278193.0,281207.0,281357.0,285655.0,287467.0,289346.0,292807.0,294451.0,297113.0,298399.0,301740.0,303886.0,306730.0,310617.0,309655.0,307590.0,310750.0,311233.0,313175.0,315161.0,315113.0,316892.0,316941.0,317501.0,322850.0,324623.0,324063.0,325763.0,327196.0,327198.0,329623.0,330359.0,334822.0,337623.0,335865.0,342915.0,341461.0,343244.0,346313.0,347768.0,347855.0,349985.0,352542.0,354564.0,357338.0,365162.0,366190.0,365970.0,366387.0,371341.0,369989.0,374938.0,373743.0,377768.0,377460.0,378825.0,382376.0,381276.0,387054.0,386138.0,385546.0,386225.0,388824.0,391644.0,393916.0,394312.0,391936.0,389213.0,388741.0,387136.0,385201.0,389763.0,388656.0,383869.0,383732.0,382434.0,385406.0,387569.0,390587.0,392278.0,390620.0,393590.0,392288.0,392529.0,395220.0,397796.0,402843.0,402968.0,404336.0,409041.0,409412.0,408116.0,409833.0,409298.0,403523.0,402110.0,404029.0,406233.0,407180.0,409564.0,412210.0,412638.0,411759.0,413193.0,409298.0,410006.0,409959.0,418276.0,420350.0,421984.0,424188.0,427614.0,433430.0,434370.0,430283.0,435518.0,439217.0,440982.0,443021.0,442864.0,446391.0,442973.0,440371.0,444317.0,443929.0,448949.0,454128.0,451126.0,451372.0,458129.0,459336.0,460654.0,466516.0,467667.0,463363.0,464939.0,465718.0,468618.0,479757.0,473180.0,480444.0,479096.0,482959.0,489482.0,487624.0,486574.0,494350.0,499097.0,498070.0,497588.0,498712.0,503398.0,508768.0,513346.0,519255.0,518628.0,522765.0,516634.0,520715.0,521322.0,524389.0,532635.0,530092.0,535061.0,538101.0,539777.0,542209.0,550726.0,552178.0,558795.0,556277.0,555519.0,556361.0,560042.0,555938.0,551008.0,550481.0,555366.0,559961.0,564984.0,574796.0,571841.0,572536.0,572212.0,576562.0,577186.0,580860.0,581342.0,577830.0,577269.0,583403.0,580802.0,582413.0,592690.0,592518.0,592545.0,597821.0,596595.0,603270.0,601056.0,606395.0,610593.0,609811.0,612052.0,602829.0,474888.0,338028.0,359266.0,448066.0,449657.0,459224.0,476459.0,480035.0,473620.0,468361.0,495763.0,496435.0,527096.0,548657.0,560885.0,571077.0,595637.0,596519.0,617196.0,633932.0,640043.0,638077.0,626402.0,636935.0,656260.0,666415.0,675820.0,681457.0,683325.0,683887.0,691896.0,703831.0,710919.0,710430.0,722935.0,724882.0,726050.0,733374.0,729104.0,745012.0,750269.0,745574.0,743903.0,745086.0,749095.0,756610.0,751043.0,767321.0,770989.0,767713.0,768000.0,771715.0,773003.0,780757.0,780947.0,786558.0,801069.0,805469.0,804061.0,795342.0,799833.0,807377.0,813927.0,813187.0,819409.0,828082.0,827739.0,833611.0,833602.0,854407.0,859038.0,850537.0,856019.0,,,,,,,,,,,,
    Recreation services,DRCARC,2008-Mar,,,,,,,,,,,,,,,,,,,,,,,,,,,,,,,,,,,,,,,,,,,,,,,,,,,,,,,,,,,,,,,,,,,,,,,,,,,,,,,,,,,,,,,,,,,,,,,,,,,,,,,,,,,,,,,,,,,,,,,,,,,,,,,,,,,,,,,,,,,,,,,,,,,,,,,,,,,,,,,,,,,,,,,,,,,,,,,,,,,,,,,,,,,,,,,,,,,,,,,,,,,,,,,,,,,,,,,,,,,,,,,,,,,,,,,,,,,,,,,,,,,,,,,,,,,,,,,,,,,,,,,,,,,,,,,,,,,,,,,,,,,,,,,,,,,,,,,,,,,,,,,,,,,,,,,,,,,,,,,,,,,,,,,,,,,,,,,,,,,,,,,,,,,,,,,,,,,,,,,,,,,,,,,,,,,,,,,,,,,,,,,,,,,,,,,,,,,,,,,,,,,,,,,,,,,,863071.5821711923,867416.5617682536,870761.1413851059,872337.0330678846,870102.9329712116,866473.5088336947,868251.4567522007,866724.8387102563,865352.5036409961,872888.1309625541,872909.1716845589,866242.8338898311
    Recreation services,DRCARC,2011-Feb,,,,,,,,,,,,,,,,,,,,,,,,,,,,,,,,,,,,,,,,,,,,,,,,,,,,,,,,,,,,,,,,,,,,,,,,,,,,,,,,,,,,,,,,,,,,,,,,,,,,,,,,,,,,,,,,,,,,,,,,,,,,,,,,,,,,,,,,,,,,,,,,,,,,,,,,,,,,,,,,,,,,,,,,,,,,,,,,,,,,,,,,,,,,,,,,,,,,,,,,,,,,,,,,,,,,,,,,,,,,,,,,,,,,,,,,,,,,,,,,,,,,,,,,,,,,,,,,,,,,,,,,,,,,,,,,,,,,,,,,,,,,,,,,,,,,,,,,,,,,,,,,,,,,,,,,,,,,,,,,,,,,,,,,,,,,,,,,,,,,,,,,,,,,,,,,,,,,,,,,,,,,,,,,,,,,,,,,,,,,,,,,,,,,,,,,,,,,,,,,,,,,,,,,,,,,862417.1466560414,864215.8708742905,867569.6878674859,871982.62807365,873452.2744864385,872326.5560066696,876555.11635933,872211.4485081361,874312.3501676086,875721.5713851295,887787.4984357404,890123.5484593929
    Recreation services,DRCARC,2012-Jul,,,,,,,,,,,,,,,,,,,,,,,,,,,,,,,,,,,,,,,,,,,,,,,,,,,,,,,,,,,,,,,,,,,,,,,,,,,,,,,,,,,,,,,,,,,,,,,,,,,,,,,,,,,,,,,,,,,,,,,,,,,,,,,,,,,,,,,,,,,,,,,,,,,,,,,,,,,,,,,,,,,,,,,,,,,,,,,,,,,,,,,,,,,,,,,,,,,,,,,,,,,,,,,,,,,,,,,,,,,,,,,,,,,,,,,,,,,,,,,,,,,,,,,,,,,,,,,,,,,,,,,,,,,,,,,,,,,,,,,,,,,,,,,,,,,,,,,,,,,,,,,,,,,,,,,,,,,,,,,,,,,,,,,,,,,,,,,,,,,,,,,,,,,,,,,,,,,,,,,,,,,,,,,,,,,,,,,,,,,,,,,,,,,,,,,,,,,,,,,,,,,,,,,,,,,,854782.7841060329,861567.6714894847,866264.6926857864,869400.9599638269,872737.4938582602,872543.5401081739,879119.5898792215,875685.7997977242,873809.996245338,879944.8272427309,880979.2012950652,886614.5228344499
    Recreation services,DRCARC,2022-Mar,,,,,,,,,,,,,,,,,,,,,,,,,,,,,,,,,,,,,,,,,,,,,,,,,,,,,,,,,,,,,,,,,,,,,,,,,,,,,,,,,,,,,,,,,,,,,,,,,,,,,,,,,,,,,,,,,,,,,,,,,,,,,,,,,,,,,,,,,,,,,,,,,,,,,,,,,,,,,,,,,,,,,,,,,,,,,,,,,,,,,,,,,,,,,,,,,,,,,,,,,,,,,,,,,,,,,,,,,,,,,,,,,,,,,,,,,,,,,,,,,,,,,,,,,,,,,,,,,,,,,,,,,,,,,,,,,,,,,,,,,,,,,,,,,,,,,,,,,,,,,,,,,,,,,,,,,,,,,,,,,,,,,,,,,,,,,,,,,,,,,,,,,,,,,,,,,,,,,,,,,,,,,,,,,,,,,,,,,,,,,,,,,,,,,,,,,,,,,,,,,,,,,,,,,,,,867563.0171926904,875518.5651226266,880253.4918264864,882764.7334202527,884130.1362378097,890389.9395800064,902136.3015729665,908291.3614855012,909109.5284511856,920365.3355838388,923382.2802649484,923995.9280468107
    Market-based PCE transportation services,DTRSRC,Historical Baseline,128583.0,129697.0,130199.0,131179.0,130482.0,131378.0,137919.0,133026.0,135140.0,136898.0,138713.0,140251.0,140294.0,141201.0,142348.0,142986.0,143248.0,145074.0,145646.0,147077.0,148299.0,149393.0,151732.0,151517.0,152556.0,153988.0,158220.0,158148.0,159374.0,160242.0,161711.0,163355.0,164400.0,166086.0,167090.0,166466.0,167865.0,168736.0,170679.0,171924.0,174076.0,175967.0,176737.0,179950.0,180811.0,183189.0,183593.0,182786.0,182173.0,185842.0,187825.0,188913.0,191374.0,189532.0,192012.0,193512.0,198205.0,201313.0,197735.0,203800.0,203921.0,205277.0,208825.0,210199.0,209107.0,211158.0,212902.0,212206.0,216934.0,218116.0,215929.0,217064.0,218880.0,220370.0,221165.0,222717.0,222224.0,223973.0,226384.0,226576.0,228872.0,229443.0,229959.0,231595.0,232596.0,233960.0,235333.0,236497.0,238283.0,240639.0,243256.0,243770.0,245808.0,247655.0,249725.0,248604.0,250043.0,254725.0,257596.0,256922.0,260600.0,261822.0,260375.0,264378.0,266805.0,267184.0,269181.0,265721.0,268353.0,266643.0,265570.0,266089.0,263784.0,263050.0,262572.0,265752.0,242436.0,249893.0,252542.0,250921.0,251288.0,252447.0,251893.0,251917.0,252483.0,251943.0,248757.0,251885.0,252507.0,252216.0,249238.0,255907.0,255153.0,255562.0,255298.0,251908.0,256211.0,257463.0,260322.0,263219.0,263623.0,264461.0,263541.0,268659.0,266897.0,268841.0,268906.0,268453.0,268426.0,269810.0,272080.0,272720.0,271257.0,274100.0,275921.0,276384.0,277334.0,276853.0,278942.0,280467.0,281914.0,283506.0,285489.0,284359.0,288646.0,287835.0,290520.0,290747.0,292010.0,292851.0,292869.0,295057.0,296130.0,297287.0,298541.0,296475.0,299421.0,299879.0,301351.0,302805.0,303085.0,304954.0,306458.0,304199.0,306226.0,305890.0,306533.0,308759.0,309780.0,312794.0,313252.0,308711.0,316863.0,311016.0,311219.0,312108.0,316678.0,318409.0,316704.0,315674.0,312825.0,309879.0,303835.0,307059.0,304171.0,299926.0,294986.0,295466.0,292331.0,290912.0,295192.0,296163.0,296921.0,298478.0,300120.0,303676.0,304417.0,301159.0,303829.0,302388.0,301822.0,302396.0,303143.0,304024.0,306087.0,310151.0,310838.0,311586.0,313034.0,315523.0,321105.0,323732.0,329303.0,329303.0,331676.0,331492.0,336707.0,336144.0,337041.0,335288.0,333248.0,333229.0,336680.0,341407.0,344739.0,344890.0,341966.0,342300.0,341860.0,342014.0,343905.0,346365.0,350021.0,351206.0,351466.0,354779.0,356414.0,360165.0,362889.0,366004.0,365880.0,365245.0,359494.0,377508.0,371695.0,376295.0,378912.0,378029.0,380297.0,383331.0,385449.0,387730.0,386325.0,387553.0,384593.0,392642.0,388419.0,387337.0,390890.0,392156.0,394540.0,392886.0,395284.0,392693.0,394278.0,396753.0,397417.0,399245.0,404299.0,407699.0,405611.0,406903.0,407629.0,409058.0,412027.0,409935.0,417956.0,414324.0,418140.0,419022.0,418789.0,417923.0,418325.0,422127.0,422268.0,425951.0,430145.0,432844.0,437044.0,439515.0,441782.0,446148.0,452058.0,456086.0,456769.0,456269.0,455047.0,454592.0,454248.0,454932.0,456547.0,458288.0,460269.0,462223.0,465216.0,467261.0,472042.0,477178.0,481094.0,484894.0,488949.0,494856.0,497855.0,500673.0,502997.0,502397.0,503722.0,500105.0,367242.0,272416.0,299783.0,328900.0,338080.0,344409.0,353297.0,362165.0,361829.0,365517.0,368676.0,362941.0,397110.0,426765.0,449245.0,475786.0,508175.0,518605.0,516398.0,521467.0,527885.0,538007.0,512788.0,533642.0,572046.0,572455.0,573965.0,574640.0,571944.0,577790.0,591949.0,595400.0,591031.0,592588.0,602652.0,603543.0,610027.0,604724.0,608327.0,613314.0,620614.0,618666.0,627875.0,629638.0,634800.0,628614.0,622292.0,634963.0,648207.0,657345.0,669255.0,671296.0,662394.0,661835.0,662789.0,667608.0,670225.0,697868.0,686133.0,678528.0,685885.0,692656.0,700010.0,698383.0,700596.0,712192.0,719088.0,725107.0,721197.0,724596.0,728267.0,744523.0,751261.0,,,,,,,,,,,,
    Market-based PCE transportation services,DTRSRC,2008-Mar,,,,,,,,,,,,,,,,,,,,,,,,,,,,,,,,,,,,,,,,,,,,,,,,,,,,,,,,,,,,,,,,,,,,,,,,,,,,,,,,,,,,,,,,,,,,,,,,,,,,,,,,,,,,,,,,,,,,,,,,,,,,,,,,,,,,,,,,,,,,,,,,,,,,,,,,,,,,,,,,,,,,,,,,,,,,,,,,,,,,,,,,,,,,,,,,,,,,,,,,,,,,,,,,,,,,,,,,,,,,,,,,,,,,,,,,,,,,,,,,,,,,,,,,,,,,,,,,,,,,,,,,,,,,,,,,,,,,,,,,,,,,,,,,,,,,,,,,,,,,,,,,,,,,,,,,,,,,,,,,,,,,,,,,,,,,,,,,,,,,,,,,,,,,,,,,,,,,,,,,,,,,,,,,,,,,,,,,,,,,,,,,,,,,,,,,,,,,,,,,,,,,,,,,,,,,755288.2842165204,762173.2813278793,765156.3894241073,764169.3761418606,761213.5359149023,758079.1320674708,755166.3624717242,746023.4853292617,751995.0860129644,747432.8524445607,742268.4780079703,735288.4946014904
    Market-based PCE transportation services,DTRSRC,2011-Feb,,,,,,,,,,,,,,,,,,,,,,,,,,,,,,,,,,,,,,,,,,,,,,,,,,,,,,,,,,,,,,,,,,,,,,,,,,,,,,,,,,,,,,,,,,,,,,,,,,,,,,,,,,,,,,,,,,,,,,,,,,,,,,,,,,,,,,,,,,,,,,,,,,,,,,,,,,,,,,,,,,,,,,,,,,,,,,,,,,,,,,,,,,,,,,,,,,,,,,,,,,,,,,,,,,,,,,,,,,,,,,,,,,,,,,,,,,,,,,,,,,,,,,,,,,,,,,,,,,,,,,,,,,,,,,,,,,,,,,,,,,,,,,,,,,,,,,,,,,,,,,,,,,,,,,,,,,,,,,,,,,,,,,,,,,,,,,,,,,,,,,,,,,,,,,,,,,,,,,,,,,,,,,,,,,,,,,,,,,,,,,,,,,,,,,,,,,,,,,,,,,,,,,,,,,,,761975.1467730759,765994.0826547708,774428.8210624305,775911.2585624305,777837.2984381487,778566.4045302758,787370.6545890077,786177.351999973,788760.9012071029,785877.1879503039,783946.7473412794,784094.5101646512
    Market-based PCE transportation services,DTRSRC,2012-Jul,,,,,,,,,,,,,,,,,,,,,,,,,,,,,,,,,,,,,,,,,,,,,,,,,,,,,,,,,,,,,,,,,,,,,,,,,,,,,,,,,,,,,,,,,,,,,,,,,,,,,,,,,,,,,,,,,,,,,,,,,,,,,,,,,,,,,,,,,,,,,,,,,,,,,,,,,,,,,,,,,,,,,,,,,,,,,,,,,,,,,,,,,,,,,,,,,,,,,,,,,,,,,,,,,,,,,,,,,,,,,,,,,,,,,,,,,,,,,,,,,,,,,,,,,,,,,,,,,,,,,,,,,,,,,,,,,,,,,,,,,,,,,,,,,,,,,,,,,,,,,,,,,,,,,,,,,,,,,,,,,,,,,,,,,,,,,,,,,,,,,,,,,,,,,,,,,,,,,,,,,,,,,,,,,,,,,,,,,,,,,,,,,,,,,,,,,,,,,,,,,,,,,,,,,,,,754440.9501041404,754126.9716735362,754805.9641242477,758780.990743049,760559.5661732452,766370.6284284475,769286.7095426884,769240.4240698637,774909.491775754,776685.2638985673,782613.4862694683,786378.9862580271
    Market-based PCE transportation services,DTRSRC,2022-Mar,,,,,,,,,,,,,,,,,,,,,,,,,,,,,,,,,,,,,,,,,,,,,,,,,,,,,,,,,,,,,,,,,,,,,,,,,,,,,,,,,,,,,,,,,,,,,,,,,,,,,,,,,,,,,,,,,,,,,,,,,,,,,,,,,,,,,,,,,,,,,,,,,,,,,,,,,,,,,,,,,,,,,,,,,,,,,,,,,,,,,,,,,,,,,,,,,,,,,,,,,,,,,,,,,,,,,,,,,,,,,,,,,,,,,,,,,,,,,,,,,,,,,,,,,,,,,,,,,,,,,,,,,,,,,,,,,,,,,,,,,,,,,,,,,,,,,,,,,,,,,,,,,,,,,,,,,,,,,,,,,,,,,,,,,,,,,,,,,,,,,,,,,,,,,,,,,,,,,,,,,,,,,,,,,,,,,,,,,,,,,,,,,,,,,,,,,,,,,,,,,,,,,,,,,,,,754322.9745620326,755778.8132568228,756786.6947925736,756144.7580401532,759287.2148760764,771436.0883145105,775509.475664326,771677.8231758897,774206.7903350212,781757.5720399014,783443.5619170923,788727.6828008805
"      Video, audio, photographic, and information processing equipment and media (75, 76, and part of 93)",DVAPRC,Historical Baseline,59626.0,58998.0,58289.0,58321.0,58607.0,58857.0,59536.0,59560.0,60258.0,61086.0,61047.0,62153.0,63676.0,63761.0,63957.0,65010.0,65841.0,66439.0,66783.0,67137.0,68661.0,68759.0,70029.0,70480.0,70904.0,72343.0,73664.0,74828.0,75097.0,76641.0,76837.0,78242.0,78866.0,80307.0,80812.0,81923.0,82500.0,81208.0,81645.0,81158.0,83635.0,84521.0,84552.0,86381.0,87025.0,87062.0,88417.0,88632.0,87627.0,88668.0,89788.0,90611.0,91470.0,91283.0,91317.0,91716.0,92798.0,93029.0,92584.0,92528.0,91363.0,93749.0,94666.0,95336.0,94673.0,95929.0,97133.0,96896.0,98148.0,97901.0,98621.0,99664.0,100773.0,101862.0,102341.0,103354.0,104373.0,105440.0,107842.0,109011.0,109048.0,109517.0,110533.0,111013.0,111358.0,113038.0,113594.0,114418.0,115924.0,117020.0,117834.0,118692.0,120680.0,120810.0,119896.0,123207.0,124046.0,125397.0,127226.0,128695.0,127028.0,126563.0,127620.0,128262.0,130394.0,129390.0,128550.0,128971.0,128188.0,127097.0,127220.0,126329.0,126491.0,127821.0,129246.0,129368.0,125556.0,129179.0,132320.0,134502.0,133628.0,133693.0,133389.0,134127.0,134723.0,134751.0,133778.0,133712.0,133121.0,134478.0,134230.0,135190.0,134193.0,134448.0,134894.0,136669.0,138030.0,140639.0,142305.0,145409.0,146069.0,147455.0,149179.0,151985.0,152200.0,152978.0,153985.0,155732.0,157128.0,158083.0,159640.0,160447.0,162258.0,162893.0,163962.0,164688.0,166817.0,169294.0,170505.0,171402.0,172031.0,173547.0,174544.0,175702.0,176808.0,179923.0,179295.0,179453.0,187031.0,184034.0,186254.0,186047.0,185688.0,186203.0,185751.0,187516.0,189524.0,188684.0,191773.0,197249.0,194998.0,194956.0,195824.0,196524.0,197321.0,197636.0,200615.0,200880.0,200633.0,201496.0,205636.0,202114.0,198152.0,196845.0,197201.0,200394.0,203645.0,200735.0,200729.0,196677.0,193267.0,189215.0,187910.0,184131.0,190240.0,189342.0,180072.0,178851.0,177992.0,178651.0,177311.0,177110.0,178441.0,177333.0,180998.0,180240.0,181520.0,184329.0,181520.0,182202.0,182007.0,184233.0,181865.0,182228.0,184365.0,183254.0,181791.0,183723.0,185692.0,185457.0,187410.0,187846.0,187237.0,188019.0,188529.0,188795.0,186205.0,193121.0,190125.0,187412.0,187922.0,190064.0,190586.0,188386.0,190165.0,189158.0,191196.0,190171.0,190876.0,189237.0,192964.0,194353.0,195229.0,195646.0,192975.0,191607.0,191920.0,192296.0,191846.0,192217.0,191761.0,192378.0,191907.0,192402.0,189652.0,192598.0,194391.0,194766.0,193926.0,194764.0,195504.0,195591.0,196979.0,197298.0,198099.0,197166.0,195982.0,194237.0,190238.0,191830.0,190082.0,191361.0,190363.0,191264.0,193159.0,193146.0,192225.0,193477.0,192395.0,194365.0,194244.0,194593.0,196840.0,197563.0,198565.0,199930.0,197936.0,197762.0,196599.0,200690.0,201929.0,202512.0,207382.0,209814.0,210392.0,210955.0,211562.0,213314.0,214502.0,213713.0,221336.0,224095.0,233119.0,234263.0,234334.0,234235.0,233652.0,233921.0,234402.0,235793.0,235398.0,237370.0,243481.0,224683.0,240913.0,242410.0,244350.0,246093.0,253150.0,258527.0,259199.0,258770.0,260731.0,260187.0,259338.0,257945.0,263519.0,263267.0,257674.0,244738.0,272317.0,285956.0,299300.0,304759.0,300738.0,307329.0,309475.0,309226.0,320109.0,310848.0,341501.0,342212.0,340936.0,351660.0,335708.0,345752.0,341593.0,352908.0,344768.0,341634.0,349596.0,346304.0,352285.0,356998.0,352533.0,349318.0,353147.0,355604.0,356915.0,355637.0,342248.0,346132.0,367511.0,367513.0,366636.0,372266.0,373927.0,376761.0,382733.0,381015.0,385394.0,387059.0,382782.0,386605.0,390111.0,389286.0,396739.0,395538.0,400447.0,407747.0,403566.0,404579.0,405565.0,409911.0,412793.0,416468.0,411811.0,417086.0,420554.0,419990.0,424360.0,428496.0,429676.0,436182.0,432100.0,435085.0,437750.0,438159.0,446165.0,451196.0,455896.0,,,,,,,,,,,,
"      Video, audio, photographic, and information processing equipment and media (75, 76, and part of 93)",DVAPRC,2008-Mar,,,,,,,,,,,,,,,,,,,,,,,,,,,,,,,,,,,,,,,,,,,,,,,,,,,,,,,,,,,,,,,,,,,,,,,,,,,,,,,,,,,,,,,,,,,,,,,,,,,,,,,,,,,,,,,,,,,,,,,,,,,,,,,,,,,,,,,,,,,,,,,,,,,,,,,,,,,,,,,,,,,,,,,,,,,,,,,,,,,,,,,,,,,,,,,,,,,,,,,,,,,,,,,,,,,,,,,,,,,,,,,,,,,,,,,,,,,,,,,,,,,,,,,,,,,,,,,,,,,,,,,,,,,,,,,,,,,,,,,,,,,,,,,,,,,,,,,,,,,,,,,,,,,,,,,,,,,,,,,,,,,,,,,,,,,,,,,,,,,,,,,,,,,,,,,,,,,,,,,,,,,,,,,,,,,,,,,,,,,,,,,,,,,,,,,,,,,,,,,,,,,,,,,,,,,,454822.4375,456276.0,460265.5,461514.1875,461282.8125,461040.75,456149.75,443867.4375,444452.875,438456.3125,438835.25,437176.21875
"      Video, audio, photographic, and information processing equipment and media (75, 76, and part of 93)",DVAPRC,2011-Feb,,,,,,,,,,,,,,,,,,,,,,,,,,,,,,,,,,,,,,,,,,,,,,,,,,,,,,,,,,,,,,,,,,,,,,,,,,,,,,,,,,,,,,,,,,,,,,,,,,,,,,,,,,,,,,,,,,,,,,,,,,,,,,,,,,,,,,,,,,,,,,,,,,,,,,,,,,,,,,,,,,,,,,,,,,,,,,,,,,,,,,,,,,,,,,,,,,,,,,,,,,,,,,,,,,,,,,,,,,,,,,,,,,,,,,,,,,,,,,,,,,,,,,,,,,,,,,,,,,,,,,,,,,,,,,,,,,,,,,,,,,,,,,,,,,,,,,,,,,,,,,,,,,,,,,,,,,,,,,,,,,,,,,,,,,,,,,,,,,,,,,,,,,,,,,,,,,,,,,,,,,,,,,,,,,,,,,,,,,,,,,,,,,,,,,,,,,,,,,,,,,,,,,,,,,,,460944.625,461294.875,465472.5,466335.78125,466891.15625,470690.21875,475414.3125,480063.15625,482234.03125,480195.59375,476499.4375,478328.9375
"      Video, audio, photographic, and information processing equipment and media (75, 76, and part of 93)",DVAPRC,2012-Jul,,,,,,,,,,,,,,,,,,,,,,,,,,,,,,,,,,,,,,,,,,,,,,,,,,,,,,,,,,,,,,,,,,,,,,,,,,,,,,,,,,,,,,,,,,,,,,,,,,,,,,,,,,,,,,,,,,,,,,,,,,,,,,,,,,,,,,,,,,,,,,,,,,,,,,,,,,,,,,,,,,,,,,,,,,,,,,,,,,,,,,,,,,,,,,,,,,,,,,,,,,,,,,,,,,,,,,,,,,,,,,,,,,,,,,,,,,,,,,,,,,,,,,,,,,,,,,,,,,,,,,,,,,,,,,,,,,,,,,,,,,,,,,,,,,,,,,,,,,,,,,,,,,,,,,,,,,,,,,,,,,,,,,,,,,,,,,,,,,,,,,,,,,,,,,,,,,,,,,,,,,,,,,,,,,,,,,,,,,,,,,,,,,,,,,,,,,,,,,,,,,,,,,,,,,,,463683.28125,459024.34375,458645.28125,462250.875,459266.25,467518.96875,466821.40625,469970.0625,474994.9375,472648.40625,478275.15625,475359.84375
"      Video, audio, photographic, and information processing equipment and media (75, 76, and part of 93)",DVAPRC,2022-Mar,,,,,,,,,,,,,,,,,,,,,,,,,,,,,,,,,,,,,,,,,,,,,,,,,,,,,,,,,,,,,,,,,,,,,,,,,,,,,,,,,,,,,,,,,,,,,,,,,,,,,,,,,,,,,,,,,,,,,,,,,,,,,,,,,,,,,,,,,,,,,,,,,,,,,,,,,,,,,,,,,,,,,,,,,,,,,,,,,,,,,,,,,,,,,,,,,,,,,,,,,,,,,,,,,,,,,,,,,,,,,,,,,,,,,,,,,,,,,,,,,,,,,,,,,,,,,,,,,,,,,,,,,,,,,,,,,,,,,,,,,,,,,,,,,,,,,,,,,,,,,,,,,,,,,,,,,,,,,,,,,,,,,,,,,,,,,,,,,,,,,,,,,,,,,,,,,,,,,,,,,,,,,,,,,,,,,,,,,,,,,,,,,,,,,,,,,,,,,,,,,,,,,,,,,,,,454813.8125,450792.5625,455790.3125,455018.90625,460111.46875,462024.625,460208.0,452302.40625,453874.0625,462338.3125,462669.40625,463930.875
